Player,Team,JumperNumber,Age,Age_Decimal,Height,Position,DebutYear,Matches_Career,Goals_Total_Career,Matches_Finals,Goals_Total_Finals,Matches_Current,Goals_Total_Current,RatingPoints_Career,Supercoach_Career,Disposals_Career,ContestedPossessions_Career,Goals_Career,RatingPoints_Recent,Supercoach_Recent,Disposals_Recent,ContestedPossessions_Recent,Goals_Recent
Alex Neal-Bullen,Adelaide,28,30,30.97,182,Gen. Forward,2015,208,138,12,7,7,5,9.524,72.293,15.889,6.168,0.663,9.12,72.4,16.35,6.05,0.55
Archie Ludowyke,Adelaide,34,19,19.11,197,Key Forward,,0,,,,0,,,,,,,,,,,
Ben Keays,Adelaide,2,29,29.85,185,Gen. Forward,2016,169,138,2,1,8,10,10.341,81.692,18.994,7.917,0.817,9.345,74.1,16.05,6.65,1.15
Billy Dowling,Adelaide,31,22,22.5,187,Mid-Forward,2024,10,6,0,,0,,6.78,65.6,16.7,6.3,0.6,6.78,65.6,16.7,6.3,0.6
Brayden Cook,Adelaide,15,24,24.45,189,Midfielder,2021,38,20,0,,8,5,6.642,52.421,11.553,3.605,0.526,7.88,58.05,12.25,3.8,0.6
Callum Ah Chee,Adelaide,4,29,29.22,182,Mid-Forward,2016,171,99,16,15,2,0,6.705,58.567,12.181,4.936,0.579,5.8,61.8,13.7,4.2,0.65
Charlie Edwards,Adelaide,11,21,21.62,191,Midfielder,2026,2,0,0,,2,0,6.25,47.5,15,5.5,0,6.25,47.5,15,5.5,0
Chayce Jones,Adelaide,1,26,26.96,180,Gen. Defender,2019,100,23,0,,3,0,6.479,52.6,12.66,4.83,0.23,6.235,47.9,12,4.25,0.3
Daniel Curtin,Adelaide,6,21,21.81,197,Midfielder,2024,33,14,2,0,1,0,8.621,63.667,12.03,5.697,0.424,9.67,75.95,14.15,6.85,0.35
Darcy Fogarty,Adelaide,32,27,27.26,192,Key Forward,2018,129,203,2,1,3,4,8.032,60.62,9.969,4.457,1.574,5.375,57.1,10.95,3.9,1.35
Finnbar Maley,Adelaide,36,23,23.45,197,Key Forward,2025,12,7,0,,5,3,4.067,40,6.75,3.833,0.583,4.067,40,6.75,3.833,0.583
Hugh Bond,Adelaide,21,22,22.26,185,Gen. Defender,2024,18,0,1,0,6,0,5.461,48.611,9.278,3.944,0,5.461,48.611,9.278,3.944,0
Indy Cotton,Adelaide,33,19,19.64,194,Gen. Forward,,0,,,,0,,,,,,,,,,,
Isaac Cumming,Adelaide,44,28,28.38,188,Midfielder,2018,112,21,9,2,7,4,8.977,76.241,17.92,4.938,0.188,8.75,66.05,14.7,5.4,0.45
Izak Rankine,Adelaide,23,26,26.69,179,Gen. Forward,2020,112,161,0,,7,8,11.568,79.607,15.652,8.17,1.438,12.755,88.55,18.5,9.8,1.35
Jake Soligo,Adelaide,14,23,23.93,179,Midfielder,2022,91,39,2,1,6,3,9.951,78.209,18.703,8.363,0.429,10.04,81.9,18.6,8.55,0.5
James Borlase,Adelaide,35,24,24.45,192,Key Defender,2023,19,1,0,,3,0,6.437,58.053,9.105,3.789,0.053,6.437,58.053,9.105,3.789,0.053
James Peatling,Adelaide,25,26,26.36,186,Midfielder,2021,76,30,5,4,8,2,8.186,66.842,14.868,6.776,0.395,9.79,77.65,18.5,8.85,0.5
Jordan Dawson,Adelaide,12,29,29.72,190,Midfielder,2017,161,84,3,1,5,6,12.725,100.957,22.472,7.112,0.522,15.605,110.5,23.25,9.75,0.9
Jordon Butts,Adelaide,41,27,27,195,Key Defender,2020,91,1,0,,6,1,5.849,50.747,9.396,3.407,0.011,5.33,46.1,8.1,3.15,0.05
Josh Rachele,Adelaide,8,23,23.72,180,Midfielder,2022,78,109,1,2,8,12,9.332,67.064,14.167,5.192,1.397,10.25,70,14.5,5.35,1.65
Josh Worrell,Adelaide,24,25,25.72,195,Gen. Defender,2021,63,0,2,0,8,0,9.052,85.603,18.825,6.159,0,9.74,98.65,22.85,6.8,0
Lachlan McAndrew,Adelaide,42,26,26.6,210,Ruck,2023,10,0,0,,8,0,10.55,75.5,10.4,6.8,0,10.55,75.5,10.4,6.8,0
Lachlan Sholl,Adelaide,38,26,26.81,186,Midfielder,2020,79,26,0,,0,,7.01,68.43,17.633,4.759,0.329,7.54,78.25,20.3,5.35,0.5
Luke Nankervis,Adelaide,27,23,23.6,189,Gen. Defender,2023,34,1,0,,3,0,6.556,61.618,15.235,4.559,0.029,6.435,57.9,14.55,4.6,0.05
Luke Pedlar,Adelaide,10,24,24.62,183,Gen. Forward,2021,46,45,2,4,7,5,5.363,44.957,9.261,4.13,0.978,4.79,40.6,7.65,3.3,0.95
Mark Keane,Adelaide,48,26,26.79,194,Key Defender,2020,56,0,2,0,0,,9.725,74.357,15.232,4.875,0,10.235,81.95,15.1,4.95,0
Max Michalanney,Adelaide,16,22,22.84,190,Gen. Defender,2023,74,4,2,0,8,0,5.615,61.392,13.108,3.689,0.054,5.655,60.65,13.45,3.85,0.15
Mitchell Hinge,Adelaide,20,28,28.5,187,Gen. Defender,2019,90,8,2,0,1,0,9.512,79.033,17.789,5.544,0.089,6.735,65.05,13.85,4,0
Mitchell Marsh,Adelaide,26,19,19.87,190,Key Forward,,0,,,,0,,,,,,,,,,,
Nick Murray,Adelaide,9,26,26.03,195,Key Defender,2021,74,2,2,0,7,1,6.828,52.446,8.986,3.5,0.027,6.69,54.05,9.6,2.9,0.05
Oscar Ryan,Adelaide,22,21,21.63,187,Gen. Defender,,0,,,,0,,,,,,,,,,,
Reilly O'Brien,Adelaide,43,31,31.36,201,Ruck,2016,147,17,2,0,1,0,12.041,96.102,13.102,7.925,0.116,10.145,94.75,11.9,6.6,0.15
Riley Thilthorpe,Adelaide,7,24,24.48,201,Key Forward,2021,86,132,2,5,8,13,9.938,73.244,11.767,6.721,1.535,12.56,91.35,13.35,7.15,2.25
Rory Laird,Adelaide,29,33,33,178,Gen. Defender,2013,275,31,9,0,6,0,11.08,100.647,26.789,9.607,0.113,9.315,101.25,23.75,7.3,0.05
Sam Berry,Adelaide,3,24,24.88,181,Midfielder,2021,84,19,2,0,8,1,8.711,69.19,14.5,8.012,0.226,10.475,86.05,18.4,10.2,0.25
Sid Draper,Adelaide,5,20,20.49,182,Mid-Forward,2025,10,3,0,,0,,2.43,23.3,7.2,2.8,0.3,2.43,23.3,7.2,2.8,0.3
Taylor Walker,Adelaide,13,36,36.68,192,Key Forward,2009,308,691,12,25,7,11,11.188,75.114,12.532,5.76,2.244,8.455,63.25,11.1,4.8,1.6
Toby Murray,Adelaide,39,23,23.15,200,Ruck,2026,3,2,0,,3,2,2.367,41.333,7.667,2.333,0.667,2.367,41.333,7.667,2.333,0.667
Tyler Welsh,Adelaide,17,20,20.37,192,Key Forward,,0,,,,0,,,,,,,,,,,
Wayne Milera,Adelaide,30,29,29.29,185,Gen. Defender,2016,131,31,2,0,8,0,8.76,73.55,17.626,5.023,0.237,10.295,91.6,21.15,5.6,0
Zac Taylor,Adelaide,19,23,23.91,180,Gen. Forward,2024,32,12,2,0,6,4,5.722,47.094,9.938,4.281,0.375,5.805,48.6,10.15,3.75,0.35
Ben Murphy,Brisbane,39,19,19.91,191,Gen. Defender,,0,,,,0,,,,,,,,,,,
Bruce Reville,Brisbane,38,25,25.85,185,Midfielder,2024,33,11,3,0,8,4,6.842,51.091,11.242,3.061,0.333,7.24,52.75,11.7,3.35,0.35
Cam Rayner,Brisbane,16,27,27.19,187,Gen. Forward,2018,175,181,17,20,8,10,8.932,66.823,13.526,6.051,1.034,10.11,74.8,15.6,6.85,1.45
Charlie Cameron,Brisbane,23,32,32.49,180,Gen. Forward,2014,262,454,27,53,8,18,9.293,68.469,11.206,4.721,1.733,9,67.8,11,4.25,1.8
Cody Curtin,Brisbane,37,19,19.62,200,Key Forward,2026,1,0,0,,1,0,1,29,7,4,0,1,29,7,4,0
Conor McKenna,Brisbane,26,30,30.76,184,Gen. Forward,2015,130,33,9,1,2,4,8.585,63.308,16.108,3.838,0.254,5.025,39.3,9.45,2.2,0.3
Daniel Annable,Brisbane,14,19,19.73,184,Midfielder,2026,1,0,0,,1,0,4.6,40,13,2,0,4.6,40,13,2,0
Darcy Fort,Brisbane,32,33,33.4,204,Ruck,2019,64,23,6,1,7,2,9.595,71.188,9.953,6.469,0.359,11.335,76.85,10.55,6.6,0.25
Darcy Gardiner,Brisbane,27,31,31.27,192,Key Defender,2014,185,14,14,0,2,0,6.795,59.665,11.951,4.443,0.076,6.22,55.8,10.5,3.5,0.3
Darcy Wilmot,Brisbane,44,23,23,183,Gen. Defender,2022,91,13,14,1,8,1,10.136,79.582,18.725,5.495,0.143,12.005,92.6,22.45,5.45,0.2
Darragh Joyce,Brisbane,41,29,29.69,195,Key Defender,2018,25,0,0,,1,0,4.556,43.52,9.84,3.32,0,4.695,44.65,9.45,3.05,0
Dayne Zorko,Brisbane,15,37,37.89,175,Gen. Defender,2012,310,239,20,5,6,2,13.234,99.419,22.055,7.803,0.771,11.93,101.05,25.85,5,0.15
Eric Hipwood,Brisbane,30,29,29.29,204,Key Forward,2016,199,287,14,18,0,,5.803,57.332,10.101,4.025,1.442,5.3,55.65,10.55,4.15,1.1
Harris Andrews,Brisbane,31,30,30.05,200,Key Defender,2015,244,11,20,0,5,0,11.786,81.205,13.291,5.213,0.045,12.44,91.25,15.55,5.4,0
Henry Smith,Brisbane,25,24,24.26,202,Key Forward,2024,6,4,0,,0,,5.333,41.167,6.333,3.667,0.667,5.333,41.167,6.333,3.667,0.667
Hugh McCluggage,Brisbane,6,28,28.83,187,Midfielder,2017,214,138,20,16,5,4,11.415,94.93,22.435,8.547,0.645,13.6,102.15,24.4,10.7,0.9
Jack Payne,Brisbane,40,27,27.21,196,Key Defender,2020,81,2,10,0,0,,7.149,60.198,10.469,3.593,0.025,7.34,62.7,10.7,3,0
James Tunstill,Brisbane,29,23,23.45,187,Gen. Forward,2022,15,2,0,,3,1,4.267,34.2,8.2,2.667,0.133,4.267,34.2,8.2,2.667,0.133
Jarrod Berry,Brisbane,7,28,28.9,193,Midfielder,2017,190,74,19,6,6,1,8.584,78.563,17.847,6.584,0.389,9.95,84.95,20.3,6.2,0.3
Jaspa Fletcher,Brisbane,3,22,22.84,184,Gen. Defender,2023,76,22,11,5,8,2,8.55,72.5,16.921,4.961,0.289,10.34,86.3,21.15,5.45,0.2
Josh Dunkley,Brisbane,5,29,29.97,191,Midfielder,2016,202,80,22,7,8,0,11.71,102.936,23.173,10.322,0.396,11.68,104.85,23,9.7,0.2
Kai Lohmann,Brisbane,1,23,23.65,185,Gen. Forward,2022,61,73,8,17,8,16,7.259,59.787,10.492,4.59,1.197,8.395,64.3,11.85,5.2,1.8
Keidean Coleman,Brisbane,18,26,26.75,182,Gen. Defender,2020,74,16,9,0,8,2,8.078,69.824,14.824,4.459,0.216,10.18,84.45,18.8,4.75,0.15
Koby Evans,Brisbane,24,19,19.31,187,Midfielder,,0,,,,0,,,,,,,,,,,
Lachie Neale,Brisbane,9,33,33.6,177,Midfielder,2012,302,137,25,8,8,1,14.067,107.222,27.44,13.07,0.454,14.41,105.1,28.6,12.45,0.25
Levi Ashcroft,Brisbane,10,20,20.03,181,Midfielder,2025,35,13,4,1,8,1,7.211,73.4,19.4,5.971,0.371,7.42,71.1,18.7,6.15,0.35
Lincoln McCarthy,Brisbane,11,33,33.19,176,Gen. Forward,2012,158,173,15,11,7,6,8.213,64.57,11.937,5.544,1.095,7.81,63.9,12.35,4.95,1.1
Logan Morris,Brisbane,13,21,21.64,191,Key Forward,2024,52,94,8,11,7,17,7.762,61.712,9.442,4.115,1.808,8.995,68.8,10.65,4.35,2.25
Luke Beecken,Brisbane,17,25,25.7,185,Midfielder,2025,1,0,0,,0,,0.9,7,3,0,0,0.9,7,3,0,0
Luke Lloyd,Brisbane,19,21,21.39,193,Key Defender,,0,,,,0,,,,,,,,,,,
Noah Answerth,Brisbane,43,27,27.4,182,Gen. Defender,2019,91,3,8,0,3,0,5.871,58.934,12.407,3.945,0.033,6.01,61.2,12.95,3.35,0.05
Oscar Allen,Brisbane,4,27,27.78,196,Key Forward,2018,112,163,1,2,7,12,8.028,65.062,9.705,4.438,1.455,6.52,55.65,8.5,3.35,1.25
Reece Torrent,Brisbane,36,21,21.41,184,Midfielder,,0,,,,0,,,,,,,,,,,
Ryan Lester,Brisbane,35,34,34.34,190,Key Defender,2011,241,48,14,2,8,0,8.756,68.27,14.266,5.174,0.199,10.03,69.95,13.9,4.25,0.05
Sam Draper,Brisbane,2,28,28.25,205,Ruck,2020,85,47,1,0,7,4,10.893,74.835,10.388,6.824,0.553,11.755,83.6,11.85,7.8,1
Sam Marshall,Brisbane,20,20,20.94,185,Midfielder,2025,11,1,4,0,0,,4.609,37.818,11.182,2.818,0.091,4.609,37.818,11.182,2.818,0.091
Shadeau Brain,Brisbane,34,22,22.87,183,Gen. Defender,2024,9,0,0,,0,,5.678,46.444,9.889,4.556,0,5.678,46.444,9.889,4.556,0
Tai Hayes,Brisbane,42,22,22.11,183,Midfielder,,0,,,,0,,,,,,,,,,,
Tom Doedee,Brisbane,12,29,29.83,190,Gen. Defender,2018,83,3,0,,0,,10.222,79.41,16.181,5.94,0.036,8.58,66.4,14.55,4.45,0
Ty Gallop,Brisbane,22,20,20.89,194,Key Defender,2025,14,4,4,4,8,0,5.293,45.643,8.214,3.714,0.286,5.293,45.643,8.214,3.714,0.286
Will Ashcroft,Brisbane,8,22,22.65,182,Midfielder,2023,66,29,8,6,8,3,11.285,93.848,25.076,8.955,0.439,11.065,98.85,27.6,9.35,0.65
Will McLachlan,Brisbane,28,21,21.71,185,Gen. Forward,2025,6,3,0,,0,,2.217,23.333,4.5,1.5,0.5,2.217,23.333,4.5,1.5,0.5
Zac Bailey,Brisbane,33,27,27.27,181,Mid-Forward,2018,173,199,20,24,7,14,10.122,75.884,16.613,6.069,1.15,13.33,96.9,21.65,7.35,1.85
Zane Zakostelsky,Brisbane,21,21,21.04,196,Key Defender,2026,3,1,0,,3,1,5.233,49,7.333,3,0.333,5.233,49,7.333,3,0.333
Adam Cerra,Carlton,5,27,27.23,188,Midfielder,2018,153,40,4,1,5,1,10.009,85.072,20.366,7.902,0.261,10.38,92.65,23.75,10.55,0.25
Adam Saad,Carlton,42,32,32.44,178,Gen. Defender,2015,218,12,5,2,2,0,11.239,83.982,18.317,5.344,0.055,10.22,83.05,17.6,4.85,0.05
Ashton Moir,Carlton,43,21,21.71,188,Gen. Forward,2024,13,15,0,,2,3,5.054,42.923,7.692,3.077,1.154,5.054,42.923,7.692,3.077,1.154
Ben Ainsworth,Carlton,12,28,28.88,178,Gen. Forward,2017,166,146,2,1,8,9,7.481,66.633,15.163,4.855,0.88,7.7,61.6,14.05,3.5,1.15
Ben Camporeale,Carlton,16,20,20.44,186,Midfielder,,0,,,,0,,,,,,,,,,,
Billy Wilson,Carlton,15,21,21.54,183,Gen. Defender,2025,4,0,0,,0,,5.75,50.75,12,2.25,0,5.75,50.75,12,2.25,0
Blake Acres,Carlton,13,31,31.23,193,Midfielder,2014,187,65,6,4,0,,8.918,77.54,19.583,6.529,0.348,6.53,70.3,19,5.85,0.3
Brodie Kemp,Carlton,17,25,25.66,192,Key Forward,2021,57,28,3,0,8,14,6.826,63.842,13.351,3.86,0.491,5.12,58.9,11.4,3.45,1.3
Campbell Chesser,Carlton,31,23,23.67,186,Midfielder,2023,39,7,0,,3,0,5.033,44.615,12.051,3.615,0.179,5.91,51.85,12.65,3.95,0.25
Cooper Lord,Carlton,36,21,21.78,184,Midfielder,2024,26,6,0,,3,1,7.727,63.269,15.077,5.346,0.231,8.31,65,15.4,5.4,0.25
Elijah Hollands,Carlton,20,24,24.68,189,Mid-Forward,2022,47,31,1,1,6,5,8.691,67.383,16.34,5.681,0.66,8.81,70.35,17.5,5.85,0.55
Flynn Young,Carlton,45,24,24.9,181,Gen. Forward,2025,8,5,0,,0,,4.487,38.75,10.5,2.125,0.625,4.487,38.75,10.5,2.125,0.625
Francis Evans,Carlton,44,25,25.35,182,Gen. Forward,2021,50,39,3,0,6,4,5.694,45.68,8.76,3.68,0.78,6.775,55.5,10.25,4.15,0.9
George Hewett,Carlton,29,31,31,187,Midfielder,2016,206,54,12,3,4,1,10.417,84.17,20.607,9.801,0.262,11.96,103.65,25.9,12.25,0.15
Harry Charleson,Carlton,28,20,20.51,182,Gen. Defender,,0,,,,0,,,,,,,,,,,
Harry Dean,Carlton,35,19,19.13,193,Gen. Defender,2026,6,0,0,,6,0,6.883,47.667,9.667,3,0,6.883,47.667,9.667,3,0
Harry McKay,Carlton,10,29,29.01,200,Key Forward,2017,147,282,3,5,7,8,8.17,72.571,11.129,5.898,1.918,7.93,74.75,13.25,7.5,1.65
Harry O'Farrell,Carlton,22,20,20.66,197,Key Defender,2025,6,1,0,,0,,6.1,55.833,10.167,3.167,0.167,6.1,55.833,10.167,3.167,0.167
Hudson O'Keeffe,Carlton,40,22,22.04,202,Ruck,2025,8,3,0,,3,0,3.15,41.625,6.5,4.125,0.375,3.15,41.625,6.5,4.125,0.375
Jack Ison,Carlton,30,19,19.76,190,Midfielder,,0,,,,0,,,,,,,,,,,
Jacob Weitering,Carlton,23,29,29.1,195,Key Defender,2016,211,11,4,0,7,0,9.848,75.555,13.929,5.227,0.052,9.965,76.05,13.3,5.45,0
Jagga Smith,Carlton,7,20,20.92,182,Midfielder,2026,8,2,0,,8,2,8.113,74,22.5,7.5,0.25,8.113,74,22.5,7.5,0.25
Jesse Motlop,Carlton,3,23,23.1,180,Gen. Forward,2022,63,59,4,2,0,,7.117,48.254,9.651,4.111,0.937,7.355,49.45,10.35,4.25,0.75
Jordan Boyd,Carlton,37,28,28.27,182,Gen. Defender,2022,40,1,1,0,2,0,5.94,56.3,12.7,3.2,0.025,5.765,54.8,12.95,2.75,0.05
Lachie Fogarty,Carlton,8,27,27.75,180,Gen. Forward,2018,92,36,3,0,2,0,7.52,60.946,12.5,5.054,0.391,7.48,63.7,11.85,5.35,0.55
Lachlan Cowan,Carlton,2,22,22.08,188,Gen. Defender,2023,45,2,1,0,7,0,6.12,58.133,12.933,3.644,0.044,5.935,60.35,14.2,3.6,0
Lewis Young,Carlton,33,28,28.03,202,Key Defender,2017,87,9,4,0,7,0,7.934,64.195,12.011,4.529,0.103,6.545,59.15,10.05,4.2,0.3
Liam Reidy,Carlton,25,26,26.54,204,Ruck,2024,6,0,0,,3,0,6.533,46.667,7,3.333,0,6.533,46.667,7,3.333,0
Lucas Camporeale,Carlton,21,20,20.44,184,Midfielder,2025,3,0,0,,0,,4.5,41,11.333,4.667,0,4.5,41,11.333,4.667,0
Marc Pittonet,Carlton,27,30,30.57,202,Ruck,2016,87,18,4,2,7,6,10.868,77,10.598,7.276,0.207,13.595,86.25,12.4,8.9,0.55
Matt Duffy,Carlton,41,22,22.99,194,Key Defender,,0,,,,0,,,,,,,,,,,
Matthew Carroll,Carlton,32,21,21.09,190,Midfielder,2025,24,7,0,,7,6,7.142,57.208,13.208,4.042,0.292,7.795,57.9,13.45,4.45,0.35
Matthew Cottrell,Carlton,46,26,26.83,184,Midfielder,2020,76,36,3,3,2,0,7.168,56.434,13.105,4.434,0.474,8.82,59.6,12.45,4.5,0.45
Mitch McGovern,Carlton,11,32,32.22,190,Key Forward,2016,153,136,7,3,8,16,8.215,66.026,12.588,4.131,0.889,10.28,70.5,12.75,4.45,1.3
Nic Newman,Carlton,24,33,33.95,186,Gen. Defender,2017,139,19,7,0,5,1,9.589,89.266,21.065,5.388,0.137,10.395,102.25,24.3,4.3,0.1
Nick Haynes,Carlton,26,34,34.62,192,Gen. Defender,2012,238,13,14,1,4,0,8.582,75.483,16.361,4.773,0.055,10.145,82.25,18,4.85,0
Oliver Florent,Carlton,14,28,28.44,184,Gen. Defender,2017,192,52,9,0,8,1,9.04,70.719,17.854,5.776,0.271,8.78,70.15,18.1,5.2,0.1
Oliver Hollands,Carlton,4,22,22.95,184,Gen. Defender,2023,72,12,3,0,7,1,6.324,65.792,15.986,4.097,0.167,6.895,77.55,19.7,4.7,0.15
Patrick Cripps,Carlton,9,31,31.78,195,Midfielder,2014,238,130,4,4,8,3,13.839,102.206,25.542,14.508,0.546,11.49,91.25,24,12.85,0.35
Rob Monahan,Carlton,34,22,22.5,189,Gen. Defender,,0,,,,0,,,,,,,,,,,
Sam Walsh,Carlton,18,26,26.49,184,Midfielder,2019,141,49,4,2,8,2,12.077,104.291,27.482,10.496,0.348,12.9,102,27.3,10.2,0.3
Talor Byrne,Carlton,39,19,19.12,174,Gen. Forward,2026,5,1,0,,5,1,4.18,35.6,7,3.4,0.2,4.18,35.6,7,3.4,0.2
Wade Derksen,Carlton,47,25,25.53,195,Key Defender,2026,2,0,0,,2,0,6.3,46.5,10.5,2.5,0,6.3,46.5,10.5,2.5,0
Will Hayward,Carlton,19,28,28.18,186,Gen. Forward,2017,191,232,9,7,7,3,7.483,62.539,11.335,4.613,1.215,8.07,68.55,12.95,5.05,1.05
Zac Williams,Carlton,6,32,32.27,186,Gen. Defender,2013,181,71,12,2,7,2,11.402,80.685,18.26,6.459,0.392,11.61,78.05,16.55,7.35,0.85
Angus Anderson,Collingwood,41,23,23.6,190,Midfielder,2026,4,4,0,,4,4,7.725,59,13.75,4.75,1,7.725,59,13.75,4.75,1
Beau McCreery,Collingwood,31,25,25.7,186,Gen. Forward,2021,103,64,8,3,7,6,7.528,53.573,9.99,3.689,0.621,9.545,63.9,12.75,5.1,0.4
Billy Frampton,Collingwood,17,30,30.11,201,Key Defender,2018,82,20,3,0,8,0,6.554,56.841,10.366,3.768,0.244,8.925,63.6,11.35,3.85,0
Bobby Hill,Collingwood,23,26,26.89,175,Gen. Forward,2019,102,117,5,9,0,,7.416,56.049,9.765,3.657,1.147,8.555,62.6,10.05,3.95,1.45
Brayden Maynard,Collingwood,4,30,30.27,189,Key Defender,2015,237,26,16,0,8,1,9.246,79.895,17.713,5.236,0.11,9.72,84.45,18.05,4.65,0.1
Charlie West,Collingwood,29,20,20.91,194,Key Forward,2025,1,1,0,,0,,4.3,27,4,2,1,4.3,27,4,2,1
Dan Houston,Collingwood,9,29,29.63,186,Gen. Defender,2017,197,49,9,2,8,1,10.315,90.782,20.35,6.213,0.249,9.615,81.1,19.95,4.8,0.25
Daniel McStay,Collingwood,11,31,31.52,196,Key Forward,2014,206,198,10,10,8,13,7.473,59.563,9.883,4.529,0.961,7.135,56.35,8.85,4.45,1.2
Darcy Cameron,Collingwood,14,31,31.45,204,Ruck,2018,128,70,10,3,8,1,10.984,90.328,13.938,8.477,0.547,12.445,98.3,16.85,9.4,0.25
Darcy Moore,Collingwood,30,30,30.93,203,Key Defender,2015,197,67,12,0,2,0,10.101,73,12.624,5.223,0.34,10.085,60.45,9.6,4.35,0
Edward Allan,Collingwood,16,22,22.6,194,Midfielder,2024,19,2,0,,4,0,6.705,50.737,12.684,4.526,0.105,6.705,50.737,12.684,4.526,0.105
Harry DeMattia,Collingwood,13,21,21.3,185,Midfielder,,0,,,,0,,,,,,,,,,,
Harry Perryman,Collingwood,12,28,28.03,187,Gen. Defender,2017,162,32,14,0,8,0,9.023,77.556,17.963,6.049,0.198,7.435,63,15.6,4.5,0.05
Harvey Harrison,Collingwood,36,23,23.13,181,Gen. Forward,2023,16,14,0,,0,,6.569,45,8.688,2.75,0.875,6.569,45,8.688,2.75,0.875
Iliro Smit,Collingwood,20,21,21.39,200,Ruck,,0,,,,0,,,,,,,,,,,
Isaac Quaynor,Collingwood,3,26,26.95,180,Gen. Defender,2019,141,5,10,0,8,0,8.26,69.645,14.965,4.887,0.035,8.825,73.8,15.5,3.85,0
Jack Buller,Collingwood,34,25,25.62,199,Key Forward,2023,13,12,0,,3,1,4.054,43.846,8.077,3.846,0.923,4.054,43.846,8.077,3.846,0.923
Jack Crisp,Collingwood,25,33,33.24,190,Midfielder,2012,282,99,16,10,8,3,12.299,90.057,21.716,8.135,0.351,12.145,88.75,21.5,8.5,0.35
Jai Saxena,Collingwood,43,19,19.43,180,Gen. Forward,,0,,,,0,,,,,,,,,,,
Jakob Ryan,Collingwood,24,22,22.27,189,Gen. Defender,2023,1,0,0,,0,,0.1,12,5,2,0,0.1,12,5,2,0
Jamie Elliott,Collingwood,5,34,34.36,177,Gen. Forward,2012,227,360,15,19,8,13,8.941,71.758,12.903,4.727,1.586,7.93,63,11.25,3.7,1.95
Jeremy Howe,Collingwood,38,36,36.5,190,Key Defender,2011,276,103,13,1,5,0,10.518,81.96,16.301,5.417,0.373,8.985,72.05,13.3,3.35,0
Joel Cochran,Collingwood,27,20,20.76,195,Gen. Defender,,0,,,,0,,,,,,,,,,,
Jordan De Goey,Collingwood,2,30,30.79,188,Mid-Forward,2015,189,219,15,21,7,9,11.048,80.455,18.344,7.571,1.159,9.025,66.55,14.85,5.8,1.05
Josh Daicos,Collingwood,7,28,28.09,178,Gen. Defender,2017,159,67,10,2,8,0,9.363,83.013,22.302,6.182,0.421,10.785,98.25,27,6.5,0.1
Lachie Schultz,Collingwood,8,29,29.08,178,Gen. Forward,2019,134,146,4,3,8,8,7.411,67.209,13.045,4.94,1.09,8.78,78.75,14.85,5.6,0.8
Lachlan Sullivan,Collingwood,33,29,29.26,180,Gen. Forward,2024,25,9,0,,1,1,6.66,48.2,11.6,4.84,0.36,6.095,42.75,10.5,4.05,0.35
Ned Long,Collingwood,44,23,23.9,194,Midfielder,2022,44,12,2,0,7,2,7.943,67.659,15.205,6.364,0.273,8.1,73.55,16.95,7.2,0.25
Nick Daicos,Collingwood,35,23,23.99,184,Midfielder,2022,102,69,7,3,7,6,14.469,110.471,29.775,9.931,0.676,17.125,122.5,32.3,10.45,0.85
Noah Howes,Collingwood,40,21,21.17,196,Key Forward,,0,,,,0,,,,,,,,,,,
Oscar Steene,Collingwood,21,23,23.35,201,Ruck,2026,6,4,0,,6,4,8.217,53.833,7.833,5.167,0.667,8.217,53.833,7.833,5.167,0.667
Patrick Lipinski,Collingwood,1,28,28.45,190,Mid-Forward,2017,149,74,10,3,8,2,8.977,73.074,18.074,6.074,0.497,8.72,72.45,17.5,5.55,0.55
Reef McInnes,Collingwood,26,24,24.05,194,Key Defender,2022,23,19,0,,0,,4,32.609,5.826,2.478,0.826,3.845,30,5.2,2.45,0.85
Roan Steele,Collingwood,45,25,25.19,183,Midfielder,2025,13,6,2,0,8,6,6.6,47.231,11.615,2.923,0.462,6.6,47.231,11.615,2.923,0.462
Sam Swadling,Collingwood,32,19,19.95,187,Midfielder,,0,,,,0,,,,,,,,,,,
Scott Pendlebury,Collingwood,10,38,38.98,191,Midfielder,2006,431,206,33,9,6,2,14.951,105.334,25.369,10.167,0.478,11.64,92.95,22.05,7.7,0.2
Steele Sidebottom,Collingwood,22,35,35.99,184,Midfielder,2009,361,211,28,15,7,2,11.746,92.587,23.039,7.501,0.584,9.025,77.55,18.45,5.45,0.65
Tew Jiath,Collingwood,19,21,21.83,188,Gen. Defender,2024,1,0,0,,0,,4.4,24,5,1,0,4.4,24,5,1,0
Tim Membrey,Collingwood,28,32,32.6,188,Key Forward,2014,209,334,4,4,7,9,8.259,70.22,12.177,4.799,1.598,5.525,53.7,9.25,3.15,1.35
Tyan Prindable,Collingwood,18,19,19.93,181,Midfielder,,0,,,,0,,,,,,,,,,,
Wil Parker,Collingwood,15,24,24.59,180,Gen. Defender,2024,12,1,1,0,3,0,5.067,38,8.667,3,0.083,5.067,38,8.667,3,0.083
William Hayes,Collingwood,39,20,20.62,180,Gen. Forward,2025,6,5,0,,4,4,5.767,39,6.667,1.5,0.833,5.767,39,6.667,1.5,0.833
Zac McCarthy,Collingwood,37,19,19.17,199,Ruck,,0,,,,0,,,,,,,,,,,
Andrew McGrath,Essendon,1,28,28.58,180,Gen. Defender,2017,188,22,3,1,8,1,9.826,82.702,21.585,6.59,0.117,11.06,86.4,21.55,7.6,0.1
Angus Clarke,Essendon,36,20,20.16,189,Gen. Defender,2025,14,5,0,,0,,5.321,59,15.071,3.929,0.357,5.321,59,15.071,3.929,0.357
Archer Day-Wicks,Essendon,44,20,20.63,186,Mid-Forward,2025,11,4,0,,6,3,5.136,40.636,10.545,3.182,0.364,5.136,40.636,10.545,3.182,0.364
Archer May,Essendon,26,22,22.34,198,Key Forward,2025,13,13,0,,6,6,6.5,49.615,7.077,3.846,1,6.5,49.615,7.077,3.846,1
Archie Perkins,Essendon,16,24,24.76,188,Gen. Forward,2021,105,67,1,0,4,2,7.107,57.21,13.61,4.762,0.638,6.405,50.15,13.15,4.5,0.7
Archie Roberts,Essendon,21,21,21.11,184,Gen. Defender,2024,35,4,0,,8,1,8.454,89.143,25.771,6.086,0.114,8.85,94.55,27.5,6,0.1
Ben McKay,Essendon,32,29,29.01,202,Key Defender,2017,112,1,0,,8,0,8.21,58.205,10.518,4.152,0.009,6.42,47.85,9.5,3.4,0
Brayden Fiorini,Essendon,8,29,29.35,187,Midfielder,2016,125,43,2,1,2,2,7.93,77.088,20.496,6.36,0.344,10.42,87.85,20.35,6.15,0.5
Cillian Bourke,Essendon,39,20,20.56,190,Gen. Defender,,0,,,,0,,,,,,,,,,,
Darcy Parish,Essendon,3,29,29.43,180,Midfielder,2016,172,55,3,1,7,0,11.447,91.715,24.471,10.413,0.32,10.955,89.75,25.3,9.75,0.1
Dyson Sharp,Essendon,15,19,19.6,187,Gen. Forward,2026,4,2,0,,4,2,4,41.75,10,3,0.5,4,41.75,10,3,0.5
Elijah Tsatas,Essendon,5,22,22.2,187,Midfielder,2023,19,4,0,,3,1,6.679,52.526,15.368,5.737,0.211,6.679,52.526,15.368,5.737,0.211
Harrison Jones,Essendon,23,25,25.84,196,Mid-Forward,2021,59,55,0,,0,,6.141,51.61,9.102,3.746,0.932,6.225,54.7,11.05,4.05,0.6
Hussien El Achkar,Essendon,33,19,19.74,171,Gen. Forward,2026,2,1,0,,2,1,6.4,32,6.5,4,0.5,6.4,32,6.5,4,0.5
Isaac Kako,Essendon,10,20,20.81,176,Gen. Forward,2025,29,22,0,,6,7,8.669,55.138,11.345,4.966,0.759,9.1,58.85,12.15,5.9,0.8
Jacob Farrow,Essendon,2,19,19.27,189,Gen. Defender,2026,6,0,0,,6,0,5.65,70.5,18.167,3.167,0,5.65,70.5,18.167,3.167,0
Jade Gresham,Essendon,11,29,29.35,177,Gen. Forward,2016,182,171,1,0,5,6,9.603,69.912,17.005,6.896,0.94,6.605,50.8,12,4.45,0.6
Jaxon Prior,Essendon,25,25,25.57,189,Gen. Defender,2021,69,11,2,0,7,0,5.716,55.203,12.464,3.478,0.159,8.45,71.85,16,4.2,0
Jayden Nguyen,Essendon,42,20,20.43,177,Gen. Defender,2025,8,0,0,,3,0,3.35,39.75,9.25,3.625,0,3.35,39.75,9.25,3.625,0
Jordan Ridley,Essendon,14,28,28.19,195,Gen. Defender,2018,106,2,1,0,2,0,9.743,92.142,19.123,4.217,0.019,8.915,83.2,18.55,3.6,0
Jye Caldwell,Essendon,6,26,26.25,183,Midfielder,2019,97,36,1,0,8,5,9.694,83.155,19.722,8.454,0.371,10.585,91,23.1,10.15,0.5
Kayle Gerreyn,Essendon,19,20,20.64,200,Key Forward,,0,,,,0,,,,,,,,,,,
Kyle Langford,Essendon,4,30,30.08,192,Gen. Forward,2015,170,183,1,0,8,4,9.102,72.071,15.324,5.518,1.076,9.06,62.4,14,4.7,0.8
Lachlan Blakiston,Essendon,46,28,28.3,203,Ruck,2025,19,3,0,,8,2,7.384,51.368,9.368,5.211,0.158,7.384,51.368,9.368,5.211,0.158
Lewis Hayes,Essendon,18,22,22.03,199,Gen. Defender,2025,1,0,0,,0,,5,64,16,2,0,5,64,16,2,0
Liam McMahon,Essendon,48,24,24.66,198,Key Forward,2025,7,12,0,,0,,5.886,42.143,6.571,3.714,1.714,5.886,42.143,6.571,3.714,1.714
Mason Redman,Essendon,27,29,29.34,187,Gen. Defender,2016,145,24,2,0,2,0,9.406,81.917,19.172,4.31,0.166,10.235,93.6,22.3,3.65,0.2
Matt Guelfi,Essendon,35,29,29.38,184,Gen. Forward,2018,123,69,1,0,2,0,6.511,57.13,12.285,5.228,0.561,6.195,50.9,9.65,4.5,0.65
Max Kondogiannis,Essendon,29,19,19.12,190,Gen. Defender,2026,3,0,0,,3,0,6.333,46.333,13.333,3.667,0,6.333,46.333,13.333,3.667,0
Nate Caddy,Essendon,30,21,21.46,193,Key Forward,2024,34,44,0,,7,15,5.674,54,11,4.618,1.294,5.915,56.75,11.4,4.45,1.55
Nic Martin,Essendon,37,25,25.74,192,Mid-Forward,2022,83,62,0,,0,,11.34,92.422,23.651,5.952,0.747,13.15,101.5,25.5,5.75,0.85
Nick Bryan,Essendon,24,25,25.19,203,Ruck,2021,23,2,0,,0,,8.565,60.913,9.522,4.304,0.087,9.35,63.3,9.75,4.45,0.1
Nik Cox,Essendon,13,24,24.95,200,Midfielder,2021,54,19,1,0,1,1,5.231,49.574,11.907,4.407,0.352,5.375,49.2,11.9,4.5,0.45
Peter Wright,Essendon,20,30,30.31,203,Ruck,2015,160,241,1,0,8,8,9.209,73.1,11.525,5.456,1.506,9.19,77.95,11.65,6.1,1.15
Rhys Unwin,Essendon,38,20,20.22,179,Gen. Forward,2025,3,1,0,,0,,1.933,22,6.667,3,0.333,1.933,22,6.667,3,0.333
Saad El-Hawli,Essendon,41,25,25.63,184,Gen. Defender,2025,14,3,0,,5,2,5.864,50.429,12.857,3.714,0.214,5.864,50.429,12.857,3.714,0.214
Sam Durham,Essendon,22,25,25.47,185,Mid-Forward,2021,99,34,1,0,8,5,9.9,76.141,18.384,7.889,0.343,12.195,81.25,20.15,10.15,0.5
Sullivan Robey,Essendon,9,19,19.24,192,Gen. Forward,2026,4,3,0,,4,3,6.65,43,11.5,5.25,0.75,6.65,43,11.5,5.25,0.75
Thomas Edwards,Essendon,45,26,26.61,191,Key Forward,2025,7,10,0,,5,7,5.357,42.571,8.429,3.143,1.429,5.357,42.571,8.429,3.143,1.429
Vigo Visentini,Essendon,17,21,21.32,203,Ruck,2025,2,0,0,,0,,5.75,56,12.5,6,0,5.75,56,12.5,6,0
Will Setterfield,Essendon,12,28,28.9,192,Midfielder,2017,84,15,0,,0,,7.177,75.274,17.595,6.524,0.179,8.805,90.9,21.3,7.4,0.05
Xavier Duursma,Essendon,28,26,26.48,186,Midfielder,2019,118,58,6,1,8,6,7.245,71.585,17.119,5.517,0.492,7.685,72.5,17.1,5.55,0.6
Zach Merrett,Essendon,7,31,31.24,179,Midfielder,2014,259,92,4,0,8,5,13.688,105.622,27.274,9.124,0.355,14.135,108.5,26.4,8.65,0.3
Zach Reid,Essendon,31,24,24.83,202,Key Defender,2021,27,0,0,,8,0,5.856,61.259,12.444,3.407,0,6.195,65.05,13.7,3.3,0
Zak Johnson,Essendon,40,20,20.01,186,Gen. Defender,2025,13,0,0,,4,0,5.331,51.385,14.769,2.923,0,5.331,51.385,14.769,2.923,0
Adam Sweid,Fremantle,15,19,19.29,175,Midfielder,,0,,,,0,,,,,,,,,,,
Aiden Riddle,Fremantle,42,21,21.01,199,Key Forward,,0,,,,0,,,,,,,,,,,
Alex Pearce,Fremantle,25,31,31.56,201,Key Defender,2015,146,9,3,0,8,0,8.058,58.26,10.541,5.007,0.062,9.035,61.95,10.15,5.2,0.2
Andrew Brayshaw,Fremantle,8,27,27.14,185,Midfielder,2018,178,61,3,1,8,4,11.381,98.82,24.848,9.039,0.343,12.27,99.7,24.55,9.5,0.3
Bailey Banfield,Fremantle,41,28,28.84,190,Gen. Defender,2018,118,66,3,0,0,,6.842,54.288,11.712,4.61,0.559,6.99,60,13.35,4.7,0.15
Brandon Walker,Fremantle,31,24,24.2,186,Gen. Defender,2021,67,2,2,0,1,0,5.136,51.672,12.522,3.791,0.03,6.9,58.4,13.55,4.6,0.05
Brennan Cox,Fremantle,36,28,28.38,195,Key Defender,2017,141,32,3,0,6,0,8.776,70.312,12.851,4.794,0.227,7.25,58.85,10.8,3.5,0
Caleb Serong,Fremantle,3,25,25.89,180,Midfielder,2020,135,42,3,1,8,5,13.821,99.807,26.111,12.126,0.311,16.15,104.7,25.75,13.45,0.55
Charlie Nicholls,Fremantle,22,20,20.56,196,Key Forward,,0,,,,0,,,,,,,,,,,
Christopher Scerri,Fremantle,45,20,20.48,177,Gen. Forward,2026,4,0,0,,4,0,5.55,40.25,10.25,4.75,0,5.55,40.25,10.25,4.75,0
Cooper Simpson,Fremantle,29,21,21.87,182,Gen. Defender,2024,5,1,0,,0,,3.76,39.6,8.6,1.2,0.2,3.76,39.6,8.6,1.2,0.2
Corey Wagner,Fremantle,34,29,29.77,181,Midfielder,2016,65,9,0,,8,0,7.154,63.338,14.338,4.385,0.138,8.625,71.05,16.2,5.45,0.15
Hayden Young,Fremantle,26,25,25.72,189,Midfielder,2020,93,26,3,0,4,4,11.66,90.366,20.968,6.903,0.28,14.655,90,19.3,9.1,0.7
Heath Chapman,Fremantle,5,24,24.91,193,Gen. Defender,2021,73,3,3,0,8,1,7.195,68.205,15.644,4.247,0.041,7.22,65.3,14.3,3.65,0.05
Hugh Davies,Fremantle,12,22,22.25,196,Key Defender,2024,2,0,0,,0,,2.8,27,4,1.5,0,2.8,27,4,1.5,0
Isaiah Dudley,Fremantle,43,23,23.67,168,Gen. Forward,2025,24,26,1,2,8,11,5.95,49.042,7.75,2.75,1.083,5.91,50.35,7.65,3.1,1.1
Jaeger O'Meara,Fremantle,2,32,32.85,184,Midfielder,2013,203,87,2,0,3,0,10.761,85.02,21.251,9.448,0.429,8.34,66.3,17.1,6.7,0.1
Jaren Carr,Fremantle,38,22,22.92,191,Gen. Defender,,0,,,,0,,,,,,,,,,,
Jeremy Sharp,Fremantle,14,25,25.38,189,Gen. Forward,2020,62,22,0,,2,2,5.921,56.871,14.968,3.145,0.355,5.46,55.4,14.5,3.15,0.3
Jordan Clark,Fremantle,6,26,26.2,185,Gen. Defender,2019,134,25,3,0,8,1,9.042,85.246,20.037,5.216,0.187,10,99.8,24.3,6.45,0.1
Josh Treacy,Fremantle,35,24,24.4,195,Key Forward,2021,88,137,1,2,8,19,8.582,70.08,10.477,5.023,1.557,12.59,88,12.2,6.5,2
Joshua Draper,Fremantle,37,22,22.89,197,Key Defender,2024,31,0,0,,0,,5.739,48.903,9.194,3.645,0,6.285,52.85,9.6,4.1,0
Judd McVee,Fremantle,17,23,23.4,185,Gen. Defender,2023,72,1,2,0,7,0,8.257,61.889,14.778,4.931,0.014,6.715,56.75,15,5,0
Jye Amiss,Fremantle,24,23,23.41,196,Key Forward,2022,79,130,3,3,8,17,6.044,53.734,7.962,3.557,1.646,5.79,55.2,8,3.4,1.6
Karl Worner,Fremantle,23,24,24.54,188,Gen. Defender,2023,39,0,1,0,8,0,5.223,56.795,13.769,3.128,0,5.785,65.75,15.45,3.45,0
Leon Kickett,Fremantle,19,20,20.14,172,Mid-Forward,,0,,,,0,,,,,,,,,,,
Luke Jackson,Fremantle,9,25,25.25,199,Ruck,2020,127,100,6,2,8,7,12.283,92.449,15.039,8.291,0.787,15.965,117.1,17.9,10.25,1.15
Luke Ryan,Fremantle,13,30,30.89,186,Gen. Defender,2017,186,3,3,0,7,0,9.796,99.903,21.005,4.688,0.016,8.94,95.65,20.5,4.15,0
Mason Cox,Fremantle,18,35,35.8,211,Ruck,2016,142,129,14,12,3,2,7.387,57.993,8.225,5.275,0.908,5.63,50.3,6.75,4.5,0.45
Matthew Johnson,Fremantle,44,23,23.79,193,Midfielder,2023,63,12,0,,8,3,7.435,63.111,16.206,5.143,0.19,8.93,69.05,17.95,6.15,0.2
Michael Frederick,Fremantle,32,26,26.62,183,Gen. Forward,2020,105,119,3,2,3,3,6.98,54.029,10.524,3.333,1.133,6.555,56.3,10.75,3.55,1.1
Murphy Reid,Fremantle,16,20,20.42,182,Gen. Forward,2025,32,29,1,1,8,4,9.384,72.906,16.625,6,0.906,9.49,77.25,18.5,6.25,0.75
Nathan O'Driscoll,Fremantle,30,24,24.62,188,Midfielder,2022,40,16,3,1,2,1,6.638,58.95,14.775,4.775,0.4,6.42,59.8,14.95,5.3,0.25
Neil Erasmus,Fremantle,28,23,23.07,190,Midfielder,2022,47,6,1,1,8,2,5.302,51.298,14,5.34,0.128,7.04,66.15,17.25,7.4,0.2
Ollie Murphy,Fremantle,33,21,21.29,200,Key Defender,,0,,,,0,,,,,,,,,,,
Oscar McDonald,Fremantle,21,30,30.78,196,Key Defender,2015,96,7,3,0,2,0,7.469,58.052,12.302,4.146,0.073,5.325,46.25,8.95,2.8,0.3
Patrick Voss,Fremantle,20,23,23.5,195,Key Forward,2024,34,51,1,3,7,7,5.624,56.235,9.618,4.618,1.5,7.22,60.05,9.9,4.45,1.85
Ryda Luke,Fremantle,40,19,19.28,187,Gen. Forward,,0,,,,0,,,,,,,,,,,
Sam Sturt,Fremantle,1,26,26.63,190,Gen. Forward,2020,31,43,0,,0,,7.026,49.161,8.806,3.258,1.387,8.245,53.55,10.05,3.65,1.65
Sam Switkowski,Fremantle,39,30,30.11,179,Gen. Forward,2018,113,71,2,0,8,5,10.454,69.195,13.212,5.814,0.628,11.28,69.4,13.4,5.3,0.75
Sean Darcy,Fremantle,4,28,28.55,203,Ruck,2017,132,50,3,0,5,1,11.356,91.545,12.303,8.144,0.379,8.28,72.3,9.5,6.5,0.2
Shai Bolton,Fremantle,10,28,28.06,176,Midfielder,2017,166,203,9,8,8,10,11.792,81.681,17.578,7.886,1.223,12.14,85.25,20.1,8.8,1.1
Toby Whan,Fremantle,27,19,19.64,184,Midfielder,,0,,,,0,,,,,,,,,,,
Tobyn Murray,Fremantle,11,21,21.65,180,Gen. Forward,,0,,,,0,,,,,,,,,,,
Bailey Smith,Geelong,3,26,26.06,185,Midfielder,2019,134,55,10,10,8,3,11.428,93.91,24.724,8.388,0.41,15.155,116.35,31.15,11.25,0.3
Brad Close,Geelong,45,28,28.42,183,Gen. Forward,2020,133,111,11,9,6,3,8.513,65.226,12.992,4.677,0.835,7.805,57.7,11.7,3.95,0.65
Cillian Burke,Geelong,41,23,23.75,192,Gen. Forward,,0,,,,0,,,,,,,,,,,
Connor O'Sullivan,Geelong,14,21,21.61,198,Key Defender,2024,34,0,3,0,8,0,8.532,65.412,13.324,4.912,0,8.355,67.3,13.5,4.8,0
George Stevens,Geelong,15,21,21.71,189,Midfielder,2025,2,1,0,,0,,8.6,62,14,7.5,0.5,8.6,62,14,7.5,0.5
Gryan Miers,Geelong,32,27,27.75,179,Gen. Forward,2019,160,114,18,15,5,0,9.59,76.275,17.656,5.169,0.713,12.97,99.95,23.3,5.55,0.6
Harley Barker,Geelong,26,19,19.66,185,Midfielder,,0,,,,0,,,,,,,,,,,
Hunter Holmes,Geelong,22,19,19.86,187,Midfielder,,0,,,,0,,,,,,,,,,,
Jack Bowes,Geelong,12,28,28.92,189,Midfielder,2017,148,50,5,4,5,4,8.728,71.743,16.878,6.223,0.338,9.62,66.75,15.15,5.5,0.8
Jack Henry,Geelong,38,28,28.33,192,Key Defender,2018,169,25,19,1,5,1,8.114,65.609,11.349,4.467,0.148,8.33,66.4,11.85,4.65,0.05
Jack Martin,Geelong,19,31,31.92,186,Gen. Forward,2014,171,154,5,6,7,9,7.932,70.737,14.409,5.825,0.901,6.695,63.8,13.05,3.8,1.05
Jacob Molier,Geelong,20,20,20.22,201,Key Forward,,0,,,,0,,,,,,,,,,,
Jake Kolodjashnij,Geelong,8,31,31.39,193,Key Defender,2015,201,5,21,0,3,1,6.212,59.06,12.294,4.04,0.025,7.64,66.75,13.8,4.55,0.1
James Worpel,Geelong,29,27,27.93,186,Midfielder,2018,153,52,7,1,5,3,10.797,81.484,21.608,9.974,0.34,9,69.7,18.85,9,0.25
Jay Polkinghorne,Geelong,2,20,20.58,190,Key Forward,,0,,,,0,,,,,,,,,,,
Jed Bews,Geelong,24,33,33.04,186,Gen. Defender,2014,175,16,20,1,0,,6.427,51.103,11.331,4.029,0.091,7.055,51.25,11.35,4.55,0
Jeremy Cameron,Geelong,5,33,33.75,196,Key Forward,2012,287,759,20,38,7,23,11.066,79.763,13.429,4.805,2.645,12.695,93.85,14.05,4.1,3.65
Jesse Mellor,Geelong,25,19,19.75,185,Gen. Forward,,0,,,,0,,,,,,,,,,,
Jhye Clark,Geelong,13,22,22.44,181,Mid-Forward,2023,29,5,3,0,3,2,5.5,40.552,10.862,4.345,0.172,5.905,43.35,11.2,4.4,0.2
Joe Pike,Geelong,37,21,21.62,203,Ruck,,0,,,,0,,,,,,,,,,,
Keighton Matofai-Forbes,Geelong,31,20,20.9,189,Gen. Defender,,0,,,,0,,,,,,,,,,,
Lawson Humphries,Geelong,17,23,23.68,182,Gen. Defender,2024,44,7,5,0,8,2,9.307,76.545,16.682,3.75,0.159,7.49,68.65,15.4,2.95,0.15
Lennox Hofmann,Geelong,23,20,20.39,191,Gen. Defender,,0,,,,0,,,,,,,,,,,
Mark Blicavs,Geelong,46,35,35.76,198,Ruck,2013,301,81,29,9,6,1,10.368,83.213,14.684,7.176,0.269,8.98,73.1,14.9,7.75,0.3
Mark O'Connor,Geelong,42,29,29.95,189,Midfielder,2017,153,13,15,0,6,3,7.032,63.471,13.183,4.575,0.085,6.65,63.45,13.45,4.9,0.15
Max Holmes,Geelong,9,24,24.33,190,Midfielder,2021,110,51,9,5,8,3,12.472,89.482,21.209,7.755,0.464,14.635,116.5,28,9.4,0.5
Mitch Knevitt,Geelong,10,23,23.97,193,Key Forward,2022,22,6,0,,1,1,5.614,46.909,10.727,4.636,0.273,5.875,47.95,10.7,4.85,0.3
Mitchell Edwards,Geelong,11,21,21.58,206,Ruck,2026,7,0,0,,7,0,5.986,46.714,7.571,5.143,0,5.986,46.714,7.571,5.143,0
Nicholas Driscoll,Geelong,27,19,19.73,181,Midfielder,,0,,,,0,,,,,,,,,,,
Oisin Mullin,Geelong,34,26,26.88,182,Gen. Defender,2023,51,2,5,2,8,0,5.316,43.588,10.039,3.961,0.039,6.35,48.5,11.1,4.55,0.1
Oliver Dempsey,Geelong,28,23,23.98,187,Midfielder,2022,66,68,5,8,8,9,9.67,72.788,16.273,6.136,1.03,10.505,79.65,17.45,5.95,1.1
Oliver Henry,Geelong,36,24,24.42,189,Key Forward,2021,92,130,2,5,7,10,5.866,50.359,9.033,3.957,1.413,6.14,44.9,8.6,3.9,1.05
Oliver Wiltshire,Geelong,21,24,24.29,180,Gen. Forward,2025,6,3,0,,4,2,4.467,36.5,8.667,2.5,0.5,4.467,36.5,8.667,2.5,0.5
Patrick Dangerfield,Geelong,35,36,36.73,189,Gen. Forward,2008,364,370,31,28,4,5,15.997,101.871,22.794,12.69,1.016,9.765,75.2,13.9,7.9,1
Rhys Stanley,Geelong,1,36,36.08,200,Ruck,2010,229,115,19,6,0,,9.578,73.598,11.799,5.808,0.502,8,65.35,9.8,5.9,0.3
Sam De Koning,Geelong,16,25,25.84,204,Key Defender,2021,92,8,6,2,7,1,8.358,64.685,13.043,5.533,0.087,7.49,59.55,11.9,4.75,0.1
Shannon Neale,Geelong,33,24,24.43,203,Key Forward,2022,53,86,5,5,8,18,8.232,62.358,8.566,4.736,1.623,10.625,77.35,9.35,5.4,2.4
Shaun Mannagh,Geelong,7,29,29.4,178,Gen. Forward,2024,43,56,5,7,8,10,12.158,78.837,17.023,6.349,1.302,11.525,76.3,16.65,5.3,1.3
Tanner Bruhn,Geelong,4,24,24.59,184,Gen. Defender,2021,74,24,4,1,8,0,7.436,63.459,14.811,6.068,0.324,8.295,76.15,18.95,6.55,0.25
Toby Conway,Geelong,6,23,23.68,206,Ruck,2023,6,1,0,,0,,9.733,74,12.333,9,0.167,9.733,74,12.333,9,0.167
Tom Atkins,Geelong,30,31,31.28,180,Midfielder,2019,161,22,15,2,8,0,10.335,79.447,16.888,8.689,0.137,12.71,95.3,20.3,11.5,0.05
Tom Stewart,Geelong,44,33,33.79,190,Gen. Defender,2017,199,7,17,1,8,1,9.604,95.94,20.905,5.553,0.035,10.08,94.5,19.95,5.6,0.1
Tyson Stengle,Geelong,18,28,28.2,175,Gen. Forward,2017,109,175,8,14,0,,9.641,67.055,12.477,5.147,1.606,8.08,67.75,13,5.15,1.35
Zach Guthrie,Geelong,39,28,28.5,188,Gen. Defender,2017,136,16,12,1,8,1,7.753,70.449,15.566,4.5,0.118,8.79,80,16.4,4.5,0.05
Alex Davies,Gold Coast,5,24,24.78,193,Midfielder,2021,45,14,2,1,5,2,8.442,61.222,13.933,7.867,0.311,10.06,72.65,16.65,8.95,0.25
Asher Eastham,Gold Coast,42,20,20.63,188,Gen. Defender,,0,,,,0,,,,,,,,,,,
Avery Thomas,Gold Coast,41,19,19.27,186,Gen. Defender,,0,,,,0,,,,,,,,,,,
Bailey Humphrey,Gold Coast,19,22,22.3,186,Gen. Forward,2023,68,56,2,3,5,6,8.901,64.118,12.868,6.765,0.824,9.775,73.65,14.1,6.95,1.25
Beau Addinsall,Gold Coast,38,19,19.81,182,Midfielder,,0,,,,0,,,,,,,,,,,
Ben Jepson,Gold Coast,44,25,25.22,184,Midfielder,2025,1,0,0,,0,,5.1,36,12,2,0,5.1,36,12,2,0
Ben King,Gold Coast,34,26,26.48,202,Key Forward,2019,128,283,2,2,8,28,6.751,56.766,7.633,4.133,2.211,9.725,69.55,7.5,3.9,3.2
Ben Long,Gold Coast,22,29,29.36,186,Gen. Forward,2017,143,113,3,2,8,11,6.991,56.951,10.86,4.783,0.79,7.455,56.15,10.6,3.8,1.55
Bodhi Uwland,Gold Coast,6,23,23.43,188,Gen. Defender,2023,57,1,2,0,8,0,8.984,75.07,16.333,4.228,0.018,10.43,85.55,19.15,5.1,0
Caleb Graham,Gold Coast,46,26,26.3,194,Key Defender,2019,37,1,0,,0,,6.814,52.351,8.189,2.919,0.027,7.73,55.45,8.35,2.95,0.05
Caleb Lewis,Gold Coast,45,23,23.25,198,Key Forward,,0,,,,0,,,,,,,,,,,
Charlie Ballard,Gold Coast,10,27,27.44,196,Key Defender,2018,138,3,0,,4,0,7.846,62.768,12.145,4.464,0.022,7.98,58.3,11.3,4.2,0.05
Christian Petracca,Gold Coast,3,30,30.98,187,Mid-Forward,2016,218,214,10,7,6,12,14.533,98.514,23.642,11.583,0.982,15.925,104.25,25.8,11.9,1
Cooper Bell,Gold Coast,31,20,20.08,199,Key Defender,,0,,,,0,,,,,,,,,,,
Daniel Rioli,Gold Coast,17,29,29.7,179,Gen. Defender,2016,211,118,15,14,8,1,9.05,72.716,15.806,4.782,0.559,8.875,74.25,18.3,4.15,0.2
Dylan Patterson,Gold Coast,30,19,19.33,183,Gen. Defender,,0,,,,0,,,,,,,,,,,
Elliott Himmelberg,Gold Coast,12,28,28.57,196,Key Forward,2018,50,49,0,,0,,6.956,57.94,9.6,5.5,0.98,7.19,56.95,9.5,5.25,0.95
Ethan Read,Gold Coast,20,21,21.48,202,Key Forward,2024,33,31,2,0,8,9,3.721,45.606,8.03,3.818,0.939,3.815,48.5,9.35,4.2,1.1
Jai Murray,Gold Coast,35,19,19.81,187,Midfielder,,0,,,,0,,,,,,,,,,,
Jake Rogers,Gold Coast,29,21,21.83,172,Gen. Forward,2024,23,9,0,,5,3,6.035,39.478,8.565,3.696,0.391,5.79,38.05,8.1,3.4,0.4
Jamarra Ugle-Hagan,Gold Coast,9,24,24.74,197,Key Forward,2021,69,107,2,0,2,4,5.904,55.681,10.058,4.652,1.551,6.625,61.5,10.55,5.2,2.05
Jarrod Witts,Gold Coast,28,34,34.29,209,Ruck,2013,212,46,2,0,7,1,11.888,93.934,12.561,7.929,0.217,12.27,97.9,12.7,9.2,0.2
Jed Walter,Gold Coast,4,21,21.56,195,Key Forward,2024,34,35,0,,4,6,3.444,41.618,6.735,4.147,1.029,3.945,46,7.45,4.5,1.2
Joel Jeffrey,Gold Coast,16,24,24.8,192,Gen. Defender,2021,60,24,2,0,7,3,9.165,71.933,15.883,3.983,0.4,10.335,83.7,19.9,3.9,0.3
John Noble,Gold Coast,2,29,29.76,180,Gen. Defender,2019,145,15,9,1,8,4,7.49,78.731,20.034,4.131,0.103,9.98,96,25.9,4.35,0.2
Jy Farrar,Gold Coast,50,30,30.06,190,Gen. Forward,2020,44,14,2,1,2,1,5.993,53.795,11.091,3.659,0.318,5.005,47.55,8.8,3.75,0.6
Koby Coulson,Gold Coast,43,19,19.41,180,Midfielder,,0,,,,0,,,,,,,,,,,
Lachie Weller,Gold Coast,14,30,30.85,182,Midfielder,2015,169,54,2,0,8,4,8.766,72.639,18.302,5.331,0.32,10.05,66.25,16.15,5.25,0.2
Lachlan Gulbin,Gold Coast,39,20,20.1,187,Gen. Forward,2025,4,1,0,,3,1,5.85,53.75,12.25,5,0.25,5.85,53.75,12.25,5,0.25
Leonardo Lombard,Gold Coast,8,20,20.23,178,Gen. Forward,2025,12,5,0,,8,4,4.35,40.5,10.5,3.75,0.417,4.35,40.5,10.5,3.75,0.417
Mac Andrew,Gold Coast,1,23,23.07,202,Key Defender,2022,73,12,2,1,8,0,8.377,67.89,13.575,4.233,0.164,10.07,80.75,16.35,4.55,0.1
Matt Rowell,Gold Coast,18,25,25.5,180,Midfielder,2020,114,35,2,1,4,0,14.382,98.088,21.439,12.947,0.307,16.205,117.9,26.8,14.5,0.35
Max Knobel,Gold Coast,37,22,22.51,206,Ruck,,0,,,,0,,,,,,,,,,,
Ned Moyle,Gold Coast,23,24,24.87,206,Ruck,2023,14,2,0,,1,0,10.914,73.214,10.071,7.286,0.143,10.914,73.214,10.071,7.286,0.143
Nick Holman,Gold Coast,7,31,31.59,188,Midfielder,2014,147,78,0,,0,,7.863,59.075,11.558,5.701,0.531,6.445,44.3,9.65,4.45,0.4
Noah Anderson,Gold Coast,15,25,25.86,192,Midfielder,2020,136,57,2,1,7,3,13.706,98.904,25.728,10.456,0.419,15.69,108,28.6,10.95,0.65
Oscar Adams,Gold Coast,48,23,23.44,198,Key Defender,2025,13,0,0,,5,0,4.046,37.385,8,2.692,0,4.046,37.385,8,2.692,0
Sam Clohesy,Gold Coast,33,24,24.05,189,Midfielder,2024,40,12,0,,6,2,8.235,67.1,15.825,4.7,0.3,7.305,64.5,15.5,4.6,0.3
Sam Collins,Gold Coast,25,32,32.54,194,Key Defender,2016,157,0,2,0,8,0,10.746,72.815,11.834,5.554,0,10.7,73,12.3,6.1,0
Touk Miller,Gold Coast,11,30,30.85,178,Mid-Forward,2015,222,75,2,0,8,4,12.541,96.721,23.721,10.622,0.338,14.855,103.35,24.2,9.1,0.4
Wil Powell,Gold Coast,27,27,27.34,188,Midfielder,2018,138,19,2,0,8,3,8.861,77.348,16.138,4.833,0.138,10.885,85.4,17.55,5.15,0.2
Will Graham,Gold Coast,26,21,21.43,186,Mid-Forward,2024,33,21,0,,8,3,8.503,62.515,12.212,5.424,0.636,8.595,63.65,12.35,5.75,0.8
Zak Evans,Gold Coast,36,26,26.76,192,Gen. Defender,,0,,,,0,,,,,,,,,,,
Zeke Uwland,Gold Coast,32,19,19.68,180,Midfielder,2026,7,3,0,,7,3,6.586,45.571,12.429,2.857,0.429,6.586,45.571,12.429,2.857,0.429
Aaron Cadman,Greater Western Sydney,5,22,22.83,195,Key Forward,2023,62,89,3,4,3,9,6.461,52.5,8,3.694,1.435,9.925,74.9,10.55,4.65,2.3
Brent Daniels,Greater Western Sydney,16,27,27.81,172,Gen. Forward,2018,115,76,9,4,3,4,9.823,70.096,14.843,5.974,0.661,13.47,83.9,16.9,6.9,0.75
Callum Brown,Greater Western Sydney,46,26,26.37,188,Gen. Forward,2021,69,68,4,3,5,1,7.67,54.652,9.551,3.797,0.986,8.325,58.9,10.55,4,1.2
Clayton Oliver,Greater Western Sydney,10,29,29.44,189,Midfielder,2016,213,60,10,5,8,2,14.449,109.399,28.277,14.723,0.282,11.875,96.9,27.5,12.5,0.15
Cody Angove,Greater Western Sydney,29,20,20.59,182,Gen. Forward,2025,4,1,0,,0,,5.725,37,11,3.75,0.25,5.725,37,11,3.75,0.25
Connor Idun,Greater Western Sydney,39,26,26.42,193,Gen. Defender,2019,125,0,8,0,8,0,8.835,75.768,16.4,5.016,0,9.56,81.6,18.2,5.2,0
Conor Stone,Greater Western Sydney,18,24,24.69,189,Gen. Defender,2021,20,4,1,2,0,,3.92,33.4,8.1,2.2,0.2,3.92,33.4,8.1,2.2,0.2
Darcy Jones,Greater Western Sydney,2,22,22.74,175,Gen. Forward,2024,37,31,3,2,0,,10.386,68.973,13.595,5.892,0.838,10.775,74.95,14.35,6.3,0.85
Finn Callaghan,Greater Western Sydney,17,23,23.68,192,Midfielder,2022,79,16,6,2,8,3,11.808,86.494,23.911,7.177,0.203,15.685,110.65,28.95,9.25,0.35
Finnegan Davis,Greater Western Sydney,45,19,19.94,187,Gen. Defender,,0,,,,0,,,,,,,,,,,
Harrison Oliver,Greater Western Sydney,19,20,20.54,181,Gen. Defender,,0,,,,0,,,,,,,,,,,
Harry Himmelberg,Greater Western Sydney,27,30,30.64,195,Gen. Defender,2016,209,164,17,16,8,0,9.625,76.938,15.244,5.278,0.785,10.31,81.35,17.05,4.95,0.15
Harry Rowston,Greater Western Sydney,24,22,22.38,182,Midfielder,2023,21,9,0,,4,3,5.705,46,10.762,3.238,0.429,5.745,45.9,10.95,3.15,0.45
Harvey Thomas,Greater Western Sydney,1,21,21.39,176,Midfielder,2024,48,21,1,1,8,3,8.098,59.104,12.896,4.792,0.438,9.435,67.95,15.6,5.35,0.4
Jack Buckley,Greater Western Sydney,44,29,29.03,195,Key Defender,2020,92,1,5,0,7,0,10.493,72.902,12.696,5.065,0.011,9.985,70.55,12.65,4.65,0
Jack Ough,Greater Western Sydney,28,20,20.04,194,Midfielder,,0,,,,0,,,,,,,,,,,
Jake Riccardi,Greater Western Sydney,26,27,27.14,198,Key Forward,2020,95,120,4,6,6,10,5.645,58.116,10.695,3.674,1.263,7.96,74.35,12.6,4.5,1.35
Jake Stringer,Greater Western Sydney,20,32,32.68,192,Key Forward,2013,235,405,8,9,8,13,11.014,68.745,12.877,6.374,1.723,10.22,63.9,11.5,5.95,1.8
James Leake,Greater Western Sydney,30,21,21.24,188,Gen. Defender,2025,6,1,0,,3,0,4.583,43.167,10.833,3.167,0.167,4.583,43.167,10.833,3.167,0.167
Jayden Laverde,Greater Western Sydney,25,30,30.72,193,Key Defender,2015,153,38,2,1,8,0,6.354,65.288,13.935,4.307,0.248,6,66.5,15.15,3.45,0
Jesse Hogan,Greater Western Sydney,23,31,31.88,196,Key Forward,2015,188,407,7,20,7,10,8.626,78.628,13.324,6.09,2.165,6.62,66.7,9.7,4.4,2.05
Joe Fonti,Greater Western Sydney,37,22,22.01,189,Gen. Defender,2024,29,0,1,0,7,0,7.086,58.034,12.862,3.828,0,7.15,65.05,13.9,4.2,0
Josaia Delana,Greater Western Sydney,38,20,20.5,176,Gen. Forward,2025,7,0,0,,4,0,2.471,32.857,5.571,2.429,0,2.471,32.857,5.571,2.429,0
Josh Kelly,Greater Western Sydney,22,31,31.88,184,Midfielder,2014,230,144,18,11,0,,12.22,98.109,24.491,8.783,0.626,10.25,86.15,21.8,7.4,0.3
Kieren Briggs,Greater Western Sydney,32,27,27.23,201,Ruck,2021,75,14,6,2,5,0,12.28,87.88,13.04,8.867,0.187,10.795,80.75,10.95,6.7,0.2
Lachie Ash,Greater Western Sydney,7,25,25.52,188,Gen. Defender,2020,133,8,8,1,8,0,8.738,81.09,20.94,4.496,0.06,11.66,103.7,28.3,5.55,0.05
Lachie Whitfield,Greater Western Sydney,6,32,32.45,185,Gen. Defender,2013,265,71,18,2,8,0,10.398,95.166,24.743,5.762,0.268,10.965,108.65,28.4,4.9,0
Leek Aleer,Greater Western Sydney,21,25,25.36,194,Ruck,2022,28,2,1,0,3,2,6.761,55.75,9.75,4.643,0.071,7.225,54.1,9.8,4.75,0.1
Logan Smith,Greater Western Sydney,36,20,20.26,204,Ruck,,0,,,,0,,,,,,,,,,,
Max Gruzewski,Greater Western Sydney,35,22,22.44,192,Key Forward,2024,15,17,0,,4,4,4.767,35.533,5.6,2.2,1.133,4.767,35.533,5.6,2.2,1.133
Nathan Wardius,Greater Western Sydney,42,22,22.21,181,Gen. Forward,,0,,,,0,,,,,,,,,,,
Nicholas Madden,Greater Western Sydney,41,22,22.62,204,Ruck,2025,6,0,0,,3,0,9.817,85,11.833,9.333,0,9.817,85,11.833,9.333,0
Oliver Hannaford,Greater Western Sydney,13,20,20.33,180,Gen. Forward,2026,4,2,0,,4,2,0.275,29.75,10.25,3.75,0.5,0.275,29.75,10.25,3.75,0.5
Oskar Taylor,Greater Western Sydney,34,19,19.41,182,Gen. Defender,,0,,,,0,,,,,,,,,,,
Phoenix Gothard,Greater Western Sydney,11,21,21.31,179,Gen. Forward,2026,8,10,0,,8,10,9.85,67.875,14.875,5.125,1.25,9.85,67.875,14.875,5.125,1.25
Riley Hamilton,Greater Western Sydney,43,20,20.37,189,Mid-Forward,,0,,,,0,,,,,,,,,,,
Ryan Angwin,Greater Western Sydney,9,24,24.05,185,Midfielder,2022,38,6,1,0,8,3,7.029,54.947,13.237,4.658,0.158,9.045,66.95,16.35,5.65,0.2
Sam Taylor,Greater Western Sydney,15,27,27.65,198,Key Defender,2018,131,2,12,0,0,,10.608,76.443,12.855,6.45,0.015,10.87,80.7,14,6.3,0.05
Stephen Coniglio,Greater Western Sydney,3,33,33.04,182,Mid-Forward,2012,234,127,14,9,7,3,10.781,90.936,23.654,9.115,0.543,6.21,57.2,15.3,5.6,0.35
Toby Bedford,Greater Western Sydney,14,26,26.59,179,Gen. Forward,2020,87,52,5,4,4,4,7.245,53.897,10.264,3.977,0.598,7.865,59.55,10.95,4.25,0.8
Toby Greene,Greater Western Sydney,4,33,33.26,182,Midfielder,2012,269,422,17,29,8,6,11.283,86.201,20.041,8.171,1.569,11.1,80,18.7,7.5,1.45
Toby McMullin,Greater Western Sydney,31,22,22.4,183,Gen. Forward,2023,29,8,1,1,1,0,4.648,39.793,9.31,2.828,0.276,5.36,43.5,10.4,3.05,0.35
Tom Green,Greater Western Sydney,12,25,25.93,192,Midfielder,2020,115,49,7,2,0,,13.51,100.13,27.13,13.365,0.426,16.705,110.75,29.05,16,0.5
Xavier O'Halloran,Greater Western Sydney,33,26,26.47,187,Mid-Forward,2020,98,36,6,2,8,2,7.243,50.908,12.316,4.653,0.367,9.16,62.4,16.4,6.5,0.4
Aidan Schubert,Hawthorn,29,19,19.02,195,Key Forward,,0,,,,0,,,,,,,,,,,
Bailey Macdonald,Hawthorn,42,22,22.4,182,Gen. Defender,2023,8,1,0,,0,,4.025,30,7.125,1.75,0.125,4.025,30,7.125,1.75,0.125
Blake Hardwick,Hawthorn,15,29,29.9,183,Gen. Defender,2016,206,32,7,0,8,0,8.824,76.578,16.587,4.728,0.155,9.695,79.75,16.85,4.7,0
Bodie Ryan,Hawthorn,26,21,21.69,187,Gen. Defender,,0,,,,0,,,,,,,,,,,
Calsher Dear,Hawthorn,13,21,21.4,195,Key Forward,2024,29,38,3,5,3,3,5.593,52.552,7.448,4.207,1.31,5.765,55.35,8.05,4.15,1.35
Cam Mackenzie,Hawthorn,28,22,22.94,188,Midfielder,2023,52,13,0,,6,1,7.74,60.192,15.365,5.596,0.25,8.625,69.35,17.4,6.65,0.1
Cameron Nairn,Hawthorn,22,19,19.21,185,Mid-Forward,,0,,,,0,,,,,,,,,,,
Cody Anderson,Hawthorn,32,20,20.91,183,Midfielder,,0,,,,0,,,,,,,,,,,
Connor Macdonald,Hawthorn,9,23,23.96,185,Gen. Forward,2022,98,78,5,7,8,7,8.172,68.398,16.296,5.092,0.796,10.13,80.5,18.35,5.55,0.9
Conor Nash,Hawthorn,11,28,28.42,198,Midfielder,2018,128,24,7,2,8,2,8.724,70.062,17.219,7.617,0.188,9.25,77.1,20.05,9.3,0.2
Dylan Moore,Hawthorn,8,27,27.4,177,Gen. Forward,2019,133,141,5,3,7,8,11.245,86.526,18.662,6.737,1.06,11.985,89.8,20.9,6.6,1
Finn Maginness,Hawthorn,20,25,25.85,189,Gen. Forward,2020,61,16,2,2,3,2,4.667,46.459,12.492,4.344,0.262,5.26,50.5,14.1,5.2,0.4
Flynn Perez,Hawthorn,39,25,25.35,187,Gen. Defender,2020,27,1,0,,3,0,4.27,45.222,11.63,3.185,0.037,4.305,46.1,12.1,3.1,0.05
Harry Morrison,Hawthorn,1,28,28.13,184,Midfielder,2017,125,30,4,0,2,0,7.834,66.232,16.328,4.832,0.24,8.39,70.2,17.8,5.3,0.25
Henry Hustwaite,Hawthorn,44,22,22.44,195,Midfielder,2023,10,2,0,,0,,5.52,41.7,10.9,4.7,0.2,5.52,41.7,10.9,4.7,0.2
Jack Dalton,Hawthorn,34,19,19.73,177,Gen. Forward,2026,2,0,0,,2,0,2.95,36.5,10,3.5,0,2.95,36.5,10,3.5,0
Jack Ginnivan,Hawthorn,33,24,24.06,185,Gen. Forward,2021,98,124,11,11,8,9,7.998,65.622,14.357,5,1.265,11.095,84.4,20.45,6.9,1.15
Jack Gunston,Hawthorn,19,35,35.2,193,Key Forward,2010,290,578,20,47,7,24,10.68,80.555,14.038,4.966,1.993,12.15,89.85,12.05,4.45,3.55
Jack Scrimshaw,Hawthorn,14,28,28.32,194,Key Defender,2017,129,11,5,0,6,0,9.54,76.124,17.279,5.357,0.085,8.135,66,15.05,5.15,0
Jai Newcombe,Hawthorn,3,25,25.41,187,Midfielder,2021,110,47,5,3,8,4,13.332,93.518,23.073,10.491,0.427,13.035,98.15,23.8,12,0.4
Jaime Uhr-Henry,Hawthorn,43,23,23.63,209,Ruck,,0,,,,0,,,,,,,,,,,
James Blanck,Hawthorn,36,26,26.11,196,Key Defender,2022,24,0,0,,0,,6.188,37.583,6.5,3.208,0,5.28,35.45,6.05,3,0
James Sicily,Hawthorn,6,31,31.98,188,Key Defender,2015,186,76,8,2,7,0,11.087,93.516,20.312,6.376,0.409,10.255,89.6,20,6.15,0
Jarman Impey,Hawthorn,4,31,31.47,178,Gen. Defender,2014,229,69,8,2,8,1,8.172,69.293,16.319,4.686,0.301,10.38,89.65,22.5,4.65,0.25
Josh Battle,Hawthorn,24,28,28.33,193,Key Defender,2017,157,30,5,1,8,0,7.592,71.363,15.306,4.599,0.191,9.82,84.9,19.5,6.25,0
Josh Ward,Hawthorn,25,23,23.37,183,Midfielder,2022,75,8,5,0,8,0,9.38,71.827,19.48,6.28,0.107,10.03,77.05,20,7.25,0.05
Josh Weddle,Hawthorn,23,22,22.6,191,Midfielder,2023,68,27,5,1,8,4,9.912,71.721,15.632,4.941,0.397,9.53,74.35,16.5,5.6,0.55
Karl Amon,Hawthorn,10,31,31.36,181,Gen. Defender,2015,202,72,10,2,7,0,9.665,82.381,20.584,4.584,0.356,8.905,87.1,23.6,3.2,0.1
Lloyd Meek,Hawthorn,17,28,28.69,203,Ruck,2021,85,26,5,1,8,2,10.589,85.706,12.176,7.6,0.306,10.695,91.25,12.75,7.9,0.3
Mabior Chol,Hawthorn,18,29,29.92,200,Key Forward,2016,113,164,6,4,5,7,8.259,62.584,8.69,4.876,1.451,9.16,66.2,9.75,5.35,1.6
Massimo D'Ambrosio,Hawthorn,16,23,23.57,178,Midfielder,2022,74,20,5,0,8,3,8.741,71.932,17.757,5.041,0.27,9.885,73.55,18.5,4.75,0.25
Matt Hill,Hawthorn,41,22,22.99,187,Gen. Forward,,0,,,,0,,,,,,,,,,,
Matthew LeRay,Hawthorn,31,19,19.85,193,Midfielder,,0,,,,0,,,,,,,,,,,
Max Ramsden,Hawthorn,38,23,23.7,203,Key Forward,2023,9,5,0,,0,,3.011,45.111,7.444,4.333,0.556,3.011,45.111,7.444,4.333,0.556
Mitch Lewis,Hawthorn,2,28,28.21,199,Key Forward,2018,86,146,2,3,8,13,7.947,63.977,10.5,4.93,1.698,7.755,61.5,10.05,4.35,1.3
Ned Reeves,Hawthorn,7,28,28.16,210,Ruck,2021,50,15,0,,7,4,9.772,68.36,8.2,5.26,0.3,9.91,70.2,8.8,5.45,0.3
Nick Watson,Hawthorn,5,21,21.84,170,Gen. Forward,2024,51,81,5,11,8,20,10.441,68.765,11.49,5.549,1.588,13.73,74.85,12.6,6.35,1.9
Noah Mraz,Hawthorn,21,20,20.86,198,Key Defender,,0,,,,0,,,,,,,,,,,
Oliver Greeves,Hawthorn,35,19,19.89,191,Midfielder,,0,,,,0,,,,,,,,,,,
Sam Butler,Hawthorn,30,23,23.88,184,Mid-Forward,2022,31,18,3,3,6,3,4.968,43.677,10.032,3.71,0.581,4.925,47.5,10.9,3.3,0.55
Tom Barrass,Hawthorn,37,31,31.23,197,Key Defender,2015,183,2,12,0,8,1,10.239,75.923,12.339,4.732,0.011,9.415,62.45,10,4.5,0.05
Will Day,Hawthorn,12,25,25.57,191,Midfielder,2020,76,19,0,,0,,10.917,84.132,19.961,7.105,0.25,12.515,96.4,20.6,9.2,0.45
William McCabe,Hawthorn,27,21,21.25,197,Key Forward,2026,1,1,0,,1,1,3.2,30,6,0,1,3.2,30,6,0,1
Aidan Johnson,Melbourne,42,26,26.81,193,Key Forward,2025,5,3,0,,0,,2.96,37.6,5.4,3.4,0.6,2.96,37.6,5.4,3.4,0.6
Andy Moniz-Wakefield,Melbourne,45,23,23.18,182,Gen. Defender,2024,6,0,0,,0,,7.15,53.667,12.667,4.333,0,7.15,53.667,12.667,4.333,0
Bailey Laurie,Melbourne,16,24,24.77,179,Gen. Forward,2023,16,4,1,0,4,2,4.019,31.938,9.312,3.5,0.25,4.019,31.938,9.312,3.5,0.25
Bayley Fritsch,Melbourne,31,30,30.06,188,Gen. Forward,2018,178,300,9,21,7,12,9.261,68.444,12.157,4.433,1.685,11.385,77.8,14.15,4.8,2
Blake Howes,Melbourne,22,23,23.73,191,Gen. Defender,2024,36,1,0,,8,0,5.647,55.722,12.472,4.25,0.028,5.32,53.85,12.3,3.55,0.05
Brody Mihocek,Melbourne,28,33,33.9,192,Key Forward,2018,167,280,16,18,8,13,7.771,63.605,10.419,4.695,1.677,5.855,56.4,8.95,3.85,1.35
Caleb Windsor,Melbourne,6,21,21.56,185,Midfielder,2024,44,14,0,,8,4,7.718,57.864,14.795,4.432,0.318,8.1,58.2,14.75,4.75,0.25
Changkuoth Jiath,Melbourne,14,27,27.55,185,Gen. Defender,2019,81,5,3,0,5,0,7.691,66.654,15.617,4.951,0.062,5.265,52.6,12.7,3.9,0
Christian Salem,Melbourne,3,31,31.46,184,Gen. Defender,2014,204,28,10,1,5,1,8.321,80.426,20.172,5.24,0.137,8.615,88.8,22.3,4.45,0.1
Daniel Turner,Melbourne,10,24,24.92,194,Key Defender,2022,44,25,0,,7,1,7.914,59.25,10.614,4.091,0.568,8.905,69.75,12.9,4.5,0.15
Ed Langdon,Melbourne,15,30,30.91,182,Midfielder,2015,210,88,7,5,8,4,8.436,77.414,20.562,5.919,0.419,6.55,64.2,16.75,4.65,0.3
Harrison Petty,Melbourne,35,27,27.13,197,Key Defender,2018,108,48,5,1,7,0,6.529,54.907,9.269,4.139,0.444,5.26,48.95,8.35,4.25,0.75
Harry Sharp,Melbourne,30,24,24.03,182,Gen. Forward,2021,42,23,0,,8,11,5.376,39.262,8.714,2.762,0.548,6.255,43.7,9.1,3,0.75
Harvey Langford,Melbourne,4,20,20.79,190,Midfielder,2025,30,24,0,,8,10,9.933,67.8,17.233,6.3,0.8,10.245,67.35,16.35,6,0.85
Jack Henderson,Melbourne,43,27,27.24,177,Gen. Forward,2025,5,2,0,,0,,3.98,43,10,4.6,0.4,3.98,43,10,4.6,0.4
Jack Steele,Melbourne,9,31,31.04,187,Midfielder,2015,210,72,3,1,8,2,12.187,100.79,23.143,10.476,0.343,10.87,97.05,21.7,10,0.2
Jack Viney,Melbourne,7,32,32.71,179,Midfielder,2013,237,70,10,0,0,,11.073,89.143,22.511,11.076,0.295,10.035,86.9,21.75,10.3,0.3
Jacob van Rooyen,Melbourne,2,23,23.7,193,Key Forward,2023,65,86,1,0,8,12,6.937,61.969,9.846,4.723,1.323,6.95,62.95,10.95,5.35,1.2
Jai Culley,Melbourne,13,23,23.84,194,Midfielder,2022,23,11,0,,7,1,7.657,55.913,11.435,5.87,0.478,7.4,54.7,11.1,5.65,0.5
Jake Bowey,Melbourne,17,24,24.3,175,Gen. Defender,2021,84,8,5,0,0,,8.377,74.119,18.06,5.464,0.095,9.645,90.85,22.6,6.05,0
Jake Lever,Melbourne,8,30,30.82,194,Key Defender,2015,194,5,12,1,8,0,9.729,73.701,14.088,5.397,0.026,7.505,64.55,13.45,3.65,0
Jake Melksham,Melbourne,18,35,35.33,186,Gen. Forward,2010,250,225,6,6,2,4,8.632,60.46,13.852,5.148,0.9,9.515,62.55,9.7,4.2,1.8
Jed Adams,Melbourne,26,22,22.63,196,Key Defender,2025,1,0,0,,0,,6.6,36,5,2,0,6.6,36,5,2,0
Kade Chandler,Melbourne,37,26,26.96,175,Gen. Forward,2019,87,70,2,0,8,10,8.566,61.322,11.885,4.276,0.805,11.24,74.6,14.55,5.75,0.9
Kalani White,Melbourne,34,19,19.65,199,Ruck,,0,,,,0,,,,,,,,,,,
Koltyn Tholstrup,Melbourne,12,21,21.5,186,Gen. Defender,2024,27,9,0,,8,1,5.896,52.185,11.852,4.63,0.333,6.16,51.35,12.15,4.65,0.35
Kysaiah Pickett,Melbourne,36,25,25.58,171,Midfielder,2020,134,213,7,11,8,12,10.709,71.59,13.134,5.851,1.59,15.975,93.6,21.1,8.05,1.7
Latrelle Pickett,Melbourne,33,21,21,180,Gen. Forward,2026,8,4,0,,8,4,5.287,35.75,9.75,4.125,0.5,5.287,35.75,9.75,4.125,0.5
Luker Kentfield,Melbourne,44,21,21.3,194,Key Defender,,0,,,,0,,,,,,,,,,,
Matthew Jefferson,Melbourne,21,22,22.81,195,Key Forward,2025,10,7,0,,3,3,2.98,33.8,6.7,3.3,0.7,2.98,33.8,6.7,3.3,0.7
Max Gawn,Melbourne,11,35,35,209,Ruck,2011,255,121,10,8,8,6,14.815,113.651,16.416,9.788,0.475,16.655,124.55,20.55,13.55,0.5
Max Heath,Melbourne,27,24,24.18,204,Ruck,2025,7,4,0,,3,1,5.929,51.286,6.714,5.143,0.571,5.929,51.286,6.714,5.143,0.571
Oscar Berry,Melbourne,38,24,24.98,194,Gen. Defender,,0,,,,0,,,,,,,,,,,
Paddy Cross,Melbourne,41,23,23.87,183,Gen. Forward,2026,2,1,0,,2,1,3.95,36.5,7.5,3,0.5,3.95,36.5,7.5,3,0.5
Ricky Mentha,Melbourne,39,20,20.32,179,Gen. Forward,,0,,,,0,,,,,,,,,,,
Riley Onley,Melbourne,40,19,19.75,194,Midfielder,,0,,,,0,,,,,,,,,,,
Shane McAdam,Melbourne,23,31,31.59,186,Gen. Forward,2020,53,73,0,,0,,6.494,60.038,9.509,4.019,1.377,6.505,58.6,10.1,3.6,1.35
Steven May,Melbourne,1,34,34.97,193,Key Defender,2011,251,24,7,0,0,,10.238,81.371,16.096,4.594,0.096,9.295,89.4,18.1,4.25,0
Thomas Matthews,Melbourne,20,19,19.83,171,Gen. Forward,,0,,,,0,,,,,,,,,,,
Tom Campbell,Melbourne,29,35,35.16,201,Ruck,2012,58,30,0,,0,,7.471,60.845,9.431,6.103,0.517,7.02,61.45,9.55,6.25,0.45
Tom McDonald,Melbourne,25,34,34.28,195,Key Defender,2011,252,170,8,9,3,0,10.428,79.258,15.317,5.488,0.675,8.435,72.85,14.45,4.6,0.05
Tom Sparrow,Melbourne,32,26,26.58,183,Midfielder,2019,125,49,7,5,8,5,7.979,61.448,14.256,5.432,0.392,9.195,70.1,15.3,5.55,0.5
Trent Rivers,Melbourne,24,25,25.42,188,Gen. Defender,2020,125,13,7,0,2,0,9.177,74.48,18.08,5.552,0.104,11.075,84.35,21.5,6.1,0.2
Xavier Lindsay,Melbourne,5,20,20.41,183,Gen. Defender,2025,23,3,0,,5,1,5.717,54.957,14.174,3.739,0.13,5.63,54.55,14.1,3.65,0.15
Xavier Taylor,Melbourne,19,19,19.91,191,Gen. Defender,2026,2,0,0,,2,0,5.35,42,7.5,4.5,0,5.35,42,7.5,4.5,0
Aidan Corr,North Melbourne,4,32,32.62,195,Key Defender,2013,178,3,7,0,6,0,7.288,60.045,11.826,3.41,0.017,7.155,59.25,12.9,3.8,0
Bailey Scott,North Melbourne,8,26,26.47,186,Midfielder,2019,113,35,0,,0,,6.928,64.788,16.743,4.265,0.31,6.635,60.3,14.8,4.3,0.3
Blake Thredgold,North Melbourne,23,19,19.34,194,Key Defender,,0,,,,0,,,,,,,,,,,
Brayden George,North Melbourne,33,22,22.96,187,Gen. Forward,,0,,,,0,,,,,,,,,,,
Caleb Daniel,North Melbourne,5,30,30.48,171,Gen. Defender,2015,223,49,12,4,8,0,10.099,85.794,22.26,6.022,0.22,9.15,93.9,24.95,4.55,0
Callum Coleman-Jones,North Melbourne,21,27,27.55,200,Ruck,2019,36,20,0,,4,0,5.433,50.75,9.611,5.222,0.556,4.43,40.75,8.7,4.6,0.35
Cameron Zurhaar,North Melbourne,44,28,28.61,190,Gen. Forward,2017,151,206,0,,8,6,7.958,64.603,12.192,5.364,1.364,6.74,63.05,10.6,4.55,1.25
Charlie Comben,North Melbourne,30,25,25.44,199,Key Defender,2021,55,9,0,,7,1,7.169,64.545,11.891,4.709,0.164,7.795,63.9,12.45,4.25,0.05
Charlie Spargo,North Melbourne,13,27,27.09,172,Mid-Forward,2018,112,66,9,7,4,2,6.16,53.152,11.018,3.518,0.589,4.385,41.85,9.75,3.05,0.2
Colby McKercher,North Melbourne,10,21,21.72,182,Gen. Defender,2024,47,16,0,,8,4,8.589,84.872,23.213,3.915,0.34,9.97,94.45,26.65,3.5,0.5
Cooper Harvey,North Melbourne,37,22,22.47,180,Gen. Forward,2023,10,11,0,,0,,5.4,42.5,8.8,2.9,1.1,5.4,42.5,8.8,2.9,1.1
Cooper Trembath,North Melbourne,47,21,21.2,193,Key Forward,2025,11,22,0,,8,13,9.591,65.364,8.727,4.455,2,9.591,65.364,8.727,4.455,2
Dylan Stephens,North Melbourne,15,25,25.97,184,Midfielder,2020,89,19,3,2,8,2,5.918,58.011,14.966,4.258,0.213,7.21,68.55,18.8,4.65,0.3
Finn O'Sullivan,North Melbourne,2,20,20.58,183,Midfielder,2025,28,3,0,,6,2,7.411,62.821,15.643,4.464,0.107,8.08,69.15,16.9,4.85,0.15
George Wardlaw,North Melbourne,6,22,22.55,182,Midfielder,2023,44,13,0,,5,1,11.314,78.023,17.091,8.591,0.295,11.21,76.9,16.35,8.45,0.35
Griffin Logue,North Melbourne,19,28,28.71,193,Key Defender,2017,103,11,2,3,6,0,7.575,61.612,11.553,4.748,0.107,7.445,59.65,11.7,4.15,0.05
Harry Sheezel,North Melbourne,3,22,22.21,185,Midfielder,2023,75,29,0,,8,4,11.608,109.053,28.933,8.56,0.387,10.725,115.45,30.65,9.1,0.55
Hugo Mikunda,North Melbourne,28,19,19.8,180,Midfielder,,0,,,,0,,,,,,,,,,,
Jack Darling,North Melbourne,27,34,34.55,191,Key Forward,2011,327,564,17,34,7,8,9.849,73.529,11.615,6.07,1.725,10.06,65.2,10.45,6.45,1.15
Jackson Archer,North Melbourne,34,23,23.97,187,Gen. Defender,2022,26,0,0,,0,,3.846,42.308,9.5,3.654,0,3.865,42.85,9.55,3.45,0
Jacob Konstanty,North Melbourne,41,22,22.14,177,Gen. Forward,2025,25,12,0,,2,1,4.396,43.96,9,3.92,0.48,3.98,42.1,8.75,3.85,0.4
Josh Goater,North Melbourne,31,23,23.58,190,Gen. Defender,2022,12,0,0,,0,,5.933,56.167,14.25,3.583,0,5.933,56.167,14.25,3.583,0
Jy Simpkin,North Melbourne,12,28,28.82,183,Midfielder,2017,181,79,0,,8,5,10.153,80.155,20.635,8.773,0.436,10.75,83,21.2,7.2,0.5
Lachy Brewer,North Melbourne,40,21,21.67,195,Key Defender,,0,,,,0,,,,,,,,,,,
Lachy Dovaston,North Melbourne,1,19,19.59,177,Gen. Forward,2026,6,3,0,,6,3,2.467,38.5,8.167,3.5,0.5,2.467,38.5,8.167,3.5,0.5
Luke Davies-Uniacke,North Melbourne,9,27,27.56,188,Midfielder,2018,138,51,0,,8,2,12.472,93.159,22.971,10.5,0.37,14.575,103.8,25,11.45,0.3
Luke McDonald,North Melbourne,11,31,31.89,189,Gen. Defender,2014,226,19,5,1,8,1,7.734,72.872,17.283,4.699,0.084,6.805,70.85,16.05,3.6,0.05
Luke Parker,North Melbourne,26,34,34.18,183,Gen. Defender,2011,323,227,26,21,8,2,12.778,95.985,23.269,11.183,0.703,12.27,99.7,24.4,9.4,0.35
Luke Urquhart,North Melbourne,14,20,20.28,185,Midfielder,,0,,,,0,,,,,,,,,,,
Matt Whitlock,North Melbourne,35,20,20.62,197,Key Defender,2025,2,1,0,,0,,3.05,21,6,2.5,0.5,3.05,21,6,2.5,0.5
Nick Larkey,North Melbourne,20,28,28.56,198,Key Forward,2017,142,300,0,,8,22,7.929,62.289,9.232,4.528,2.113,9.64,74.35,9.85,5.25,2.35
Paul Curtis,North Melbourne,25,23,23.82,185,Gen. Forward,2022,86,113,0,,8,16,7.945,60.919,10.802,5.221,1.314,8.575,72.75,11.3,5.4,1.8
Riley Hardeman,North Melbourne,17,21,21.84,184,Gen. Defender,2024,20,0,0,,0,,5.44,53.2,12.55,3.2,0,5.44,53.2,12.55,3.2,0
River Stevens,North Melbourne,36,20,20.51,177,Gen. Forward,,0,,,,0,,,,,,,,,,,
Robert Hansen Jr,North Melbourne,46,22,22.8,182,Mid-Forward,2023,20,7,0,,0,,4.59,32.3,8.15,2.6,0.35,4.59,32.3,8.15,2.6,0.35
Taylor Goad,North Melbourne,22,21,21.67,207,Ruck,,0,,,,0,,,,,,,,,,,
Toby Pink,North Melbourne,32,28,28.38,194,Key Defender,2024,37,7,0,,5,0,5.57,50.351,9.324,3.108,0.189,6.055,57.5,10.8,3.45,0
Tom Blamires,North Melbourne,39,24,24.38,181,Midfielder,2026,7,2,0,,7,2,8.571,69.857,18.429,4.571,0.286,8.571,69.857,18.429,4.571,0.286
Tom Powell,North Melbourne,24,24,24.83,184,Gen. Forward,2021,99,34,0,,8,3,8.642,70.636,18.535,5.929,0.343,7.325,75.15,20.4,5.7,0.25
Tristan Xerri,North Melbourne,38,27,27.79,202,Ruck,2020,81,26,0,,5,1,12.928,99.025,14.481,10.58,0.321,18.43,136.15,18.9,15.3,0.2
Wil Dawson,North Melbourne,18,21,21.03,200,Key Defender,2024,8,0,0,,0,,5.15,42.25,6.375,2.5,0,5.15,42.25,6.375,2.5,0
Zac Banch,North Melbourne,45,23,23.94,173,Gen. Forward,2025,6,2,0,,2,1,1.45,31.333,7,3.167,0.333,1.45,31.333,7,3.167,0.333
Zac Fisher,North Melbourne,16,28,28.54,175,Gen. Forward,2017,132,55,0,,0,,8.253,67.818,17.765,6.121,0.417,6.525,74.1,20.6,5.2,0.1
Zane Duursma,North Melbourne,7,21,21.34,190,Gen. Forward,2024,31,25,0,,8,12,4.994,36.71,7,2.645,0.806,4.53,35.3,6.25,2.45,0.8
Aliir Aliir,Port Adelaide,21,32,32.32,194,Key Defender,2016,186,6,11,0,8,0,10.032,75.188,13.909,5.823,0.032,9.975,80.05,14.6,5.55,0.05
Balyn O'Brien,Port Adelaide,41,19,19.92,187,Gen. Defender,,0,,,,0,,,,,,,,,,,
Benny Barrett,Port Adelaide,40,20,20.66,176,Mid-Forward,,0,,,,0,,,,,,,,,,,
Brandon Zerk-Thatcher,Port Adelaide,25,28,28.35,195,Key Defender,2019,90,0,3,0,0,,7.36,61.344,11.111,4,0,6.64,61.95,11.25,4.7,0
Christian Moraes,Port Adelaide,11,20,20.14,183,Gen. Forward,2025,17,3,0,,3,1,4.871,50.118,13.118,3.353,0.176,4.871,50.118,13.118,3.353,0.176
Connor Rozee,Port Adelaide,1,26,26.93,185,Midfielder,2019,152,124,9,8,2,0,11.151,89.862,21.02,7.316,0.816,10.675,102.2,26.25,7,0.45
Corey Durdin,Port Adelaide,44,24,24.71,176,Gen. Forward,2021,72,62,1,0,8,14,6.096,45.306,7.736,3.264,0.861,5.445,44.8,7.75,2.85,0.95
Dante Visentini,Port Adelaide,38,23,23.87,202,Ruck,2023,18,3,0,,4,1,6.033,54,7.556,4.5,0.167,6.033,54,7.556,4.5,0.167
Darcy Byrne-Jones,Port Adelaide,33,31,31.27,181,Gen. Defender,2016,229,76,10,3,8,4,8.24,72.467,16.585,5.563,0.332,7.385,71.55,14.75,4.6,0.6
Esava Ratugolea,Port Adelaide,27,28,28.43,197,Key Defender,2018,114,42,8,4,3,0,6.838,59.105,8.982,5.228,0.368,8.03,63.25,10.1,5.1,0
Ewan Mackinlay,Port Adelaide,31,23,23.45,182,Mid-Forward,2025,9,3,0,,8,2,6.811,57.222,12.333,3.667,0.333,6.811,57.222,12.333,3.667,0.333
Harrison Ramm,Port Adelaide,32,20,20.07,202,Key Defender,2025,1,0,0,,0,,3.6,28,5,0,0,3.6,28,5,0,0
Ivan Soldo,Port Adelaide,13,30,30.71,204,Ruck,2017,66,28,3,1,0,,8.38,69.318,8.364,4.682,0.424,9.495,77,9.4,5.35,0.6
Jack Lukosius,Port Adelaide,12,26,26.39,195,Key Forward,2019,127,93,0,,4,6,8.328,69.354,14.268,4.047,0.732,7.4,60.65,10.5,3.55,1.25
Jack Watkins,Port Adelaide,37,26,26.03,176,Mid-Forward,2026,6,2,0,,6,2,4.45,40.167,13.167,3.833,0.333,4.45,40.167,13.167,3.833,0.333
Jack Whitlock,Port Adelaide,17,20,20.62,200,Key Forward,2025,12,14,0,,8,10,4.233,50.667,7.833,3.083,1.167,4.233,50.667,7.833,3.083,1.167
Jackson Mead,Port Adelaide,3,25,25.25,184,Gen. Defender,2022,66,12,3,0,2,0,6.559,51.773,12.47,4.03,0.182,5.86,50.25,12.3,3.55,0.15
Jacob Moss,Port Adelaide,42,22,22.02,198,Key Defender,,0,,,,0,,,,,,,,,,,
Jacob Wehr,Port Adelaide,15,28,28.49,185,Midfielder,2022,47,8,0,,8,1,5.728,54.723,12.638,3.915,0.17,4.59,54.8,13.15,3.45,0.15
Jase Burgoyne,Port Adelaide,7,23,23.46,186,Midfielder,2022,64,13,3,3,8,3,7.775,72.578,17.141,5.781,0.203,7.765,75.5,18.5,6.6,0.2
Jason Horne-Francis,Port Adelaide,18,23,23.52,185,Mid-Forward,2022,88,72,5,3,8,11,10.549,84.705,19.545,9.216,0.818,11.875,97,21.55,9.1,1.1
Joe Berry,Port Adelaide,5,20,20.7,180,Gen. Forward,2025,20,8,0,,8,5,4.525,46,10.55,3.65,0.4,4.525,46,10.55,3.65,0.4
Joe Richards,Port Adelaide,35,27,27.1,177,Gen. Forward,2024,39,25,0,,8,4,8.021,68.436,14.538,4.615,0.641,7.985,74,15.65,4.55,0.6
Jordon Sweet,Port Adelaide,24,28,28.9,206,Ruck,2021,54,13,3,0,7,3,9.335,86.407,10.389,6.241,0.241,10.27,95.15,11.65,7.65,0.3
Josh Lai,Port Adelaide,43,21,21.24,185,Gen. Defender,2026,6,0,0,,6,0,6.717,51.5,11.833,3.333,0,6.717,51.5,11.833,3.333,0
Josh Sinn,Port Adelaide,8,23,23.98,187,Gen. Defender,2022,30,1,2,0,0,,4.547,46.467,11.033,2.667,0.033,5.015,49.5,11.45,2.65,0
Kane Farrell,Port Adelaide,6,27,27.79,182,Gen. Defender,2018,122,50,2,0,8,1,8.434,72.721,15.91,3.754,0.41,9.335,91.8,20.25,4.15,0.15
Lachie Jones,Port Adelaide,34,24,24.72,186,Key Defender,2021,81,9,5,0,7,2,7.169,54,10.877,4.531,0.111,6.66,54.5,10.85,3.8,0.15
Logan Evans,Port Adelaide,22,21,21.23,190,Gen. Defender,2024,31,3,3,0,8,0,6.694,65.065,15.065,3.548,0.097,6.46,63.4,14.6,3.75,0.05
Mani Liddy,Port Adelaide,50,24,24.86,184,Midfielder,2025,9,1,0,,0,,3.856,51.111,14.111,3.444,0.111,3.856,51.111,14.111,3.444,0.111
Miles Bergman,Port Adelaide,14,25,25.2,190,Gen. Defender,2021,109,29,7,0,7,3,7.732,69.422,15.294,5.248,0.266,8.6,78.1,16.6,6,0.4
Mitch Georgiades,Port Adelaide,19,25,25.25,192,Key Forward,2020,100,188,3,5,8,21,6.145,65.18,10.94,4.38,1.88,7.405,75.2,12.25,4.35,2.75
Mitch Zadow,Port Adelaide,39,22,22.8,180,Gen. Forward,2026,1,0,0,,1,0,0.9,28,3,1,0,0.9,28,3,1,0
Ollie Lord,Port Adelaide,30,24,24.99,197,Key Forward,2023,35,33,2,5,1,0,4.14,45.457,6.486,3.771,0.943,4.085,43.3,6.05,3.5,0.8
Ollie Wines,Port Adelaide,16,32,32.23,187,Midfielder,2013,278,105,15,10,5,2,11.653,96.065,25.018,11.745,0.378,8.89,91.75,23.7,10.75,0.15
Sam Powell-Pepper,Port Adelaide,2,28,28.97,187,Gen. Forward,2017,158,124,7,5,0,,8.296,70.07,15.861,6.956,0.785,6.985,64.3,13.55,4.65,1.05
Todd Marshall,Port Adelaide,4,28,28.23,198,Key Defender,2017,121,159,8,8,5,0,7.452,62.835,9.636,3.917,1.314,5.455,51.65,9.55,2.75,0.75
Tom Anastasopoulos,Port Adelaide,29,21,21.58,176,Midfielder,,0,,,,0,,,,,,,,,,,
Tom Cochrane,Port Adelaide,26,20,20.92,183,Gen. Forward,2025,3,2,0,,0,,3.933,34,6.667,2.333,0.667,3.933,34,6.667,2.333,0.667
Will Brodie,Port Adelaide,23,28,28.35,190,Midfielder,2017,55,10,2,0,1,0,9.344,79.436,21.964,9.855,0.182,10.93,88.1,24.2,10.6,0.25
Will Lorenz,Port Adelaide,36,21,21.86,186,Midfielder,2024,8,2,1,0,0,,5.475,49.25,9.5,4,0.25,5.475,49.25,9.5,4,0.25
Willem Drew,Port Adelaide,28,28,28.24,188,Midfielder,2019,138,23,7,1,8,2,10.846,84.043,17.986,8.5,0.167,10.18,81.45,18.5,9.05,0.1
Xavier Walsh,Port Adelaide,45,21,21.31,195,Key Defender,,0,,,,0,,,,,,,,,,,
Zak Butters,Port Adelaide,9,26,26.31,181,Midfielder,2019,147,71,9,1,8,3,13.375,99.544,23,9.177,0.483,16.69,123.3,29.3,11.9,0.2
Ben Miller,Richmond,12,27,27.33,198,Key Defender,2021,77,9,1,0,8,0,8.727,67.182,10.909,3.494,0.117,8.525,70.95,12.85,3.25,0
Campbell Gray,Richmond,50,23,23.97,195,Key Defender,2025,10,1,0,,7,1,6.11,46.2,7.4,2.7,0.1,6.11,46.2,7.4,2.7,0.1
Dion Prestia,Richmond,3,34,34.21,175,Midfielder,2011,244,78,13,8,7,1,12.09,88.41,23.484,9.467,0.32,9.88,78.9,21.85,7.6,0.25
Harry Armstrong,Richmond,34,20,20.54,195,Key Forward,2025,11,7,0,,3,1,3.209,28.273,5.727,2.909,0.636,3.209,28.273,5.727,2.909,0.636
Hugo Ralphsmith,Richmond,13,25,25.14,187,Midfielder,2021,67,23,0,,5,2,6.509,51.776,12.791,3.851,0.343,7.945,58.7,13.4,4.6,0.55
Jack Ross,Richmond,5,26,26.32,187,Midfielder,2019,101,21,1,1,8,2,8.948,68.465,17.04,6.129,0.208,11.005,88.8,21.25,9.65,0.15
Jacob Hopper,Richmond,2,29,29.89,187,Midfielder,2016,172,58,13,2,7,0,9.491,83.488,22.61,10.564,0.337,8.86,77.85,24.8,11.55,0.25
James Trezise,Richmond,36,24,24.54,188,Midfielder,2023,28,3,0,,4,0,6.493,56.5,13.286,4.143,0.107,6.105,54.6,12.95,3.85,0.15
Jasper Alger,Richmond,29,20,20.03,183,Gen. Forward,2025,5,2,0,,1,0,1.82,21.8,4.6,2,0.4,1.82,21.8,4.6,2,0.4
Jayden Short,Richmond,15,30,30.93,178,Gen. Defender,2016,197,39,10,0,7,1,8.79,84.99,20.569,4.071,0.198,7.605,89.85,22.7,3.2,0.2
Jonty Faull,Richmond,8,20,20.91,195,Key Forward,2025,23,14,0,,7,5,3.483,38.696,6.87,3.565,0.609,3.69,40.55,6.95,3.55,0.65
Josh Gibcus,Richmond,18,23,23.74,196,Key Defender,2022,22,3,1,0,1,0,6.964,52.727,8.682,3.591,0.136,6.92,52.8,8.55,3.7,0.15
Josh Smillie,Richmond,16,20,20.62,195,Midfielder,,0,,,,0,,,,,,,,,,,
Judson Clarke,Richmond,23,23,23.2,180,Gen. Defender,2022,17,14,0,,0,,5.829,41.471,8.471,3.471,0.824,5.829,41.471,8.471,3.471,0.824
Kaleb Smith,Richmond,49,22,22.11,181,Gen. Defender,2024,12,1,0,,0,,3.758,35,9.583,3.083,0.083,3.758,35,9.583,3.083,0.083
Kane McAuliffe,Richmond,28,21,21.83,187,Midfielder,2024,19,2,0,,5,2,6.768,66.316,15.737,6.632,0.105,6.768,66.316,15.737,6.632,0.105
Liam Fawcett,Richmond,43,21,21.69,197,Key Forward,2025,4,6,0,,3,5,4.4,33.5,5,2,1.5,4.4,33.5,5,2,1.5
Luke Trainor,Richmond,11,20,20.72,195,Gen. Defender,2025,24,1,0,,3,0,4.033,54.125,14.458,3.792,0.042,3.825,52.65,14.25,3.55,0.05
Maurice Rioli,Richmond,17,24,24.33,179,Gen. Forward,2021,55,32,1,1,6,1,5.538,45.018,7.836,3.6,0.582,6.03,48.95,8.1,4.3,0.35
Mykelti Lefau,Richmond,42,28,28.52,195,Key Forward,2024,18,22,0,,7,8,5.878,51.944,6.722,3.722,1.222,5.878,51.944,6.722,3.722,1.222
Nathan Broad,Richmond,35,33,33.71,192,Gen. Defender,2016,177,4,12,0,7,0,7.573,66.616,13.915,3.723,0.023,7.56,66.5,13.85,3.2,0
Nick Vlastuin,Richmond,1,32,32.7,187,Gen. Defender,2013,262,30,16,1,7,1,10.133,83.355,17.229,5.584,0.115,9.65,80.8,17.5,5.9,0.05
Noah Balta,Richmond,21,27,27.18,194,Key Defender,2019,124,45,5,0,7,4,8.556,64.04,12.185,5.032,0.363,7.765,63.55,12.25,5.45,0.4
Noah Roberts-Thomson,Richmond,27,19,19.75,182,Midfielder,,0,,,,0,,,,,,,,,,,
Oliver Hayes-Brown,Richmond,47,26,26.67,208,Ruck,2026,2,0,0,,2,0,6.85,43,9,8,0,6.85,43,9,8,0
Patrick Retschko,Richmond,33,20,20.83,186,Midfielder,2026,3,0,0,,3,0,5.867,70.667,16,3,0,5.867,70.667,16,3,0
Rhyan Mansell,Richmond,7,26,26.57,180,Gen. Forward,2021,74,52,0,,1,2,6.785,52.919,10.243,3.716,0.703,7.055,58.8,11.35,4.2,0.95
Sam Banks,Richmond,6,23,23.74,187,Gen. Defender,2023,49,7,0,,6,1,6.667,64.776,16.816,3.551,0.143,7.405,79.7,20.95,3.6,0.15
Sam Cumming,Richmond,22,19,19.43,184,Mid-Forward,2026,2,1,0,,2,1,6.9,80,18,7.5,0.5,6.9,80,18,7.5,0.5
Sam Grlj,Richmond,24,19,19.43,182,Gen. Defender,2026,8,0,0,,8,0,6.788,63.375,16.125,3.625,0,6.788,63.375,16.125,3.625,0
Sam Lalor,Richmond,4,20,20.33,188,Midfielder,2025,18,19,0,,7,8,9.717,65.333,13.778,6.444,1.056,9.717,65.333,13.778,6.444,1.056
Samson Ryan,Richmond,32,26,26.06,206,Ruck,2021,28,15,0,,3,0,5.421,47.893,6.821,3.429,0.536,4.345,44.3,6.95,3.55,0.3
Seth Campbell,Richmond,44,22,22,182,Gen. Forward,2024,51,49,0,,8,11,8.706,61.137,12.451,4.725,0.961,9.07,67.65,13.4,4.95,1.1
Steely Green,Richmond,48,22,22.97,179,Gen. Forward,2024,33,25,0,,8,9,5.467,43.242,8.333,3.091,0.758,5.25,44.5,7.65,3,0.8
Taj Hotton,Richmond,10,20,20.53,183,Gen. Forward,2025,7,3,0,,0,,8.271,54.714,12.714,6.571,0.429,8.271,54.714,12.714,6.571,0.429
Tim Taranto,Richmond,14,28,28.92,188,Midfielder,2017,179,91,10,3,6,3,10.685,94.436,24.469,10.374,0.508,12.555,101.15,24.65,11.8,0.7
Toby Nankervis,Richmond,25,32,32.38,199,Ruck,2015,181,45,14,0,2,0,11.949,93.823,15.298,8.613,0.249,12.675,98.9,15.65,8.4,0.2
Tom Brown,Richmond,30,23,23.42,193,Gen. Defender,2023,48,10,0,,6,0,7.537,61.646,13.604,4.146,0.208,7.335,62.45,14.3,3.6,0.1
Tom Burton,Richmond,45,19,19.97,178,Gen. Forward,2026,2,0,0,,2,0,6.65,52,13.5,4,0,6.65,52,13.5,4,0
Tom Lynch,Richmond,19,34,34.16,199,Key Forward,2011,240,492,7,16,4,4,9.863,76.162,12.583,6.667,2.05,6.405,57.5,9.9,5.55,1.5
Tom Sims,Richmond,38,20,20.63,199,Key Forward,2025,11,4,0,,0,,3.736,39.091,6.818,4.091,0.364,3.736,39.091,6.818,4.091,0.364
Tyler Sonsie,Richmond,40,23,23.92,181,Mid-Forward,2022,46,11,1,1,6,1,5.317,50.543,14.478,4.565,0.239,5.325,57.65,16.4,4.7,0.2
Zane Peucker,Richmond,26,19,19.07,178,Gen. Forward,,0,,,,0,,,,,,,,,,,
Alex Dodson,St Kilda,30,20,20.54,203,Ruck,2025,1,0,0,,0,,-1,13,8,0,0,-1,13,8,0,0
Alix Tauru,St Kilda,26,20,20.12,193,Gen. Defender,2025,15,4,0,,5,3,4.96,47.667,8.6,3.467,0.267,4.96,47.667,8.6,3.467,0.267
Angus Hastie,St Kilda,24,21,21.28,190,Gen. Defender,2024,14,1,0,,0,,3.014,30.357,7.571,1.929,0.071,3.014,30.357,7.571,1.929,0.071
Anthony Caminiti,St Kilda,47,23,23.06,196,Key Defender,2023,61,39,1,0,5,1,6.549,55.639,9.721,4.541,0.639,6.73,57.8,9.75,4.15,0.15
Bradley Hill,St Kilda,8,33,33.47,182,Midfielder,2012,285,113,15,12,8,4,8.915,72.646,19.835,3.965,0.396,9.17,79.05,21.15,3.25,0.35
Callum Wilkie,St Kilda,44,30,30.81,191,Key Defender,2019,163,1,3,0,8,0,9.438,84.215,16.982,4.883,0.006,11.225,98.8,21.35,5.25,0
Charlie Banfield,St Kilda,36,19,19.45,191,Mid-Forward,,0,,,,0,,,,,,,,,,,
Cooper Sharman,St Kilda,43,26,26.43,193,Key Forward,2021,78,91,1,2,8,11,7.818,58.936,10,4.346,1.167,8.41,67.55,11.35,4.5,1.4
Dan Butler,St Kilda,16,30,30.57,182,Gen. Forward,2017,156,175,6,6,5,3,8.209,55.5,10.359,3.853,1.122,5.04,41.5,8.85,3.45,0.85
Darcy Wilson,St Kilda,22,21,21.36,185,Mid-Forward,2024,48,34,0,,7,4,7.598,65.333,16.125,4.938,0.708,7.825,66.15,16.45,4.7,0.85
Dougal Howard,St Kilda,20,30,30.76,199,Key Defender,2016,141,15,3,0,3,0,8.699,68.858,12.043,3.773,0.106,6.48,62.95,11.85,3.05,0
Eamonn Armstrong,St Kilda,46,20,20.43,191,Gen. Defender,,0,,,,0,,,,,,,,,,,
Hugh Boxshall,St Kilda,38,20,20.47,188,Midfielder,2025,16,2,0,,5,0,5.656,55.25,12.25,5.75,0.125,5.656,55.25,12.25,5.75,0.125
Hugo Garcia,St Kilda,34,21,21.61,185,Midfielder,2024,34,8,0,,8,3,7.947,63.235,14.794,6.588,0.235,9.445,73.45,17.6,7.65,0.3
Hunter Clark,St Kilda,11,27,27.76,186,Gen. Defender,2018,114,14,3,0,3,0,7.299,68.009,17.588,6.351,0.123,7.28,65.85,16.8,6.35,0.05
Isaac Keeler,St Kilda,17,22,22.69,198,Key Forward,2025,12,11,0,,1,1,4.833,41,7.583,3.167,0.917,4.833,41,7.583,3.167,0.917
Jack Carroll,St Kilda,18,24,24.03,188,Gen. Defender,2022,32,5,0,,8,0,5.25,44.125,11.062,3.25,0.156,4.785,42.3,10.25,2.5,0.1
Jack Higgins,St Kilda,1,27,27.78,178,Gen. Forward,2018,152,220,3,4,7,16,8.974,68.52,13.296,5.737,1.447,8.15,57.85,9.25,4.35,1.7
Jack Macrae,St Kilda,6,32,32.41,192,Midfielder,2013,273,60,13,2,3,0,12.473,105.231,27.41,10.63,0.22,11.385,90.6,22,11.1,0.05
Jack Silvagni,St Kilda,3,29,29.03,194,Key Defender,2016,136,90,0,,8,1,7.374,62.353,12.463,4.669,0.662,8.275,70.7,13.75,4.75,0.1
Jack Sinclair,St Kilda,35,31,31.88,181,Gen. Defender,2015,218,69,3,0,8,0,12.594,90.771,22,7.032,0.317,13.04,109.35,28,5.1,0.1
James Barrat,St Kilda,28,20,20.1,194,Key Defender,,0,,,,0,,,,,,,,,,,
Kobe McDonald,St Kilda,42,19,19.06,193,Gen. Defender,,0,,,,0,,,,,,,,,,,
Kye Fincher,St Kilda,37,19,19.11,185,Midfielder,,0,,,,0,,,,,,,,,,,
Lance Collard,St Kilda,4,21,21.76,185,Gen. Forward,2024,15,8,0,,0,,3.547,26,4.8,2.267,0.533,3.547,26,4.8,2.267,0.533
Liam Henry,St Kilda,23,25,25.34,180,Gen. Forward,2020,62,25,0,,1,3,6.842,52.29,12.774,4.339,0.403,8.66,54.95,12,4.55,0.6
Liam O'Connell,St Kilda,45,23,23.82,189,Gen. Defender,2025,8,0,0,,1,0,4.375,37.25,6.625,3,0,4.375,37.25,6.625,3,0
Liam Ryan,St Kilda,31,30,30.24,181,Gen. Forward,2018,132,169,6,8,7,11,8.888,62.098,11.174,4.886,1.28,7.115,55,9.85,4.25,1.2
Liam Stocker,St Kilda,14,26,26.93,184,Gen. Defender,2019,88,2,1,0,4,0,5.287,55.932,13.42,4.284,0.023,4.18,51.1,10.95,4.35,0
Marcus Windhager,St Kilda,2,23,23.62,185,Gen. Defender,2022,83,12,1,0,8,2,6.335,66.988,17.867,6.217,0.145,8.955,89.25,23.75,7.45,0.2
Mason Wood,St Kilda,32,33,33.29,192,Midfielder,2014,164,154,1,0,8,5,8.654,71.488,15.36,5.646,0.939,8.45,73.3,14.75,5.6,0.75
Mattaes Phillipou,St Kilda,25,22,22.01,190,Mid-Forward,2023,52,30,1,0,8,5,6.781,51.808,12.808,5.308,0.577,7.055,56.45,13.45,5.35,0.7
Max Hall,St Kilda,40,24,24.71,183,Gen. Forward,2025,31,32,0,,8,9,11.487,76.29,15.774,6.129,1.032,13.87,84.75,17.05,7.2,1.15
Max King,St Kilda,12,26,26.48,202,Key Forward,2020,83,159,3,5,0,,7.582,62.518,9.53,5.542,1.916,6.575,55.85,9.85,4.95,1.8
Mitch Owens,St Kilda,10,23,23.26,191,Key Forward,2022,80,88,1,1,8,14,8.705,68.65,13.088,7.15,1.1,7.98,67.8,12.7,6.85,1.25
Nasiah Wanganeen-Milera,St Kilda,7,23,23.85,187,Midfielder,2022,94,30,1,1,8,7,11.321,91.66,24.053,5.564,0.319,16.515,114.85,29.5,8.4,0.85
Paddy Dow,St Kilda,15,27,27.2,184,Midfielder,2018,83,24,0,,0,,7.617,54.205,14.205,6.663,0.289,8.56,57.85,16.05,6.95,0.25
Patrick Said,St Kilda,33,20,20.68,180,Gen. Forward,,0,,,,0,,,,,,,,,,,
Rowan Marshall,St Kilda,19,31,31.1,201,Ruck,2017,163,82,3,1,7,4,12.604,101.344,17.393,9.595,0.503,11.86,96.95,17.4,8.65,0.55
Ryan Byrnes,St Kilda,13,25,25.66,181,Gen. Defender,2020,80,15,0,,0,,5.811,55.188,15.062,4.312,0.188,6.39,63.9,16.75,4.45,0.2
Sam Flanders,St Kilda,9,25,25.43,183,Midfielder,2020,97,38,2,1,8,1,9.576,78.897,20.144,6.608,0.392,9.515,79,21.3,6.6,0.15
Tobie Travaglia,St Kilda,5,20,20.18,188,Gen. Defender,2025,12,2,0,,0,,3.892,39.667,9.25,2.833,0.167,3.892,39.667,9.25,2.833,0.167
Tom De Koning,St Kilda,21,27,27.46,201,Ruck,2018,108,39,4,2,8,3,10.069,79.593,13.009,7.815,0.361,8.24,80.25,14.55,7,0.35
Angus Sheldrick,Sydney,12,23,23.14,178,Midfielder,2022,36,11,0,,7,2,8.428,63.361,16.417,7.083,0.306,9.985,77.15,20.05,8.75,0.2
Billy Cootee,Sydney,25,24,24.03,178,Gen. Forward,2026,2,1,0,,2,1,2.65,29.5,9.5,3.5,0.5,2.65,29.5,9.5,3.5,0.5
Braeden Campbell,Sydney,16,24,24.9,181,Gen. Forward,2021,94,32,7,1,0,,6.264,55.181,12.085,3.894,0.34,7.09,58.8,12.35,3.7,0.7
Brodie Grundy,Sydney,4,32,32.71,202,Ruck,2013,250,86,12,2,8,7,13.104,107.536,17.528,10.4,0.344,16.98,139.9,21.25,13.85,0.6
Caiden Cleary,Sydney,33,21,21.82,182,Gen. Forward,2024,18,3,0,,1,0,3.806,39.056,9.389,3.667,0.167,3.806,39.056,9.389,3.667,0.167
Callum Mills,Sydney,14,29,29.74,188,Gen. Defender,2016,182,30,9,3,8,0,10.24,90.841,20.742,6.648,0.165,9.905,96.7,23.65,5.15,0.1
Chad Warner,Sydney,1,25,25.61,185,Mid-Forward,2020,116,108,8,6,8,10,13.926,92.983,22.129,9.198,0.931,12.885,88.4,21.65,9.65,0.9
Charlie Curnow,Sydney,35,29,29.9,194,Key Forward,2016,157,333,3,3,8,20,10.634,77.427,12.662,6.223,2.121,8.035,67.35,11.6,5.4,1.95
Corey Warner,Sydney,37,23,23.23,182,Gen. Forward,2023,27,12,0,,4,2,5.096,39.667,9.926,2.852,0.444,5.765,41.35,10.55,3,0.5
Dane Rampe,Sydney,24,36,36.58,187,Key Defender,2013,279,9,23,1,7,0,8.847,74.842,15.842,4.315,0.032,6.58,59.6,13.4,3.35,0
Errol Gulden,Sydney,21,24,24.45,175,Mid-Forward,2021,105,76,8,2,2,1,12.709,97.2,23.076,7.867,0.724,12.465,102.3,25.1,8.25,0.55
Harry Cunningham,Sydney,7,33,33.06,181,Gen. Defender,2012,223,54,15,4,4,2,6.741,63.664,14.296,3.848,0.242,5.48,60.05,13.4,2.75,0.1
Harry Kyle,Sydney,32,19,19.46,188,Gen. Defender,,0,,,,0,,,,,,,,,,,
Hayden McLean,Sydney,2,27,27.94,197,Key Forward,2019,98,100,6,3,0,,7.315,64.786,10.184,4.939,1.02,5.72,59.75,9.2,4.4,1.25
Isaac Heeney,Sydney,5,30,30.65,185,Midfielder,2015,230,308,17,18,6,10,13.123,94.843,18.965,8.974,1.339,18.315,120.7,25.15,12.45,1.95
Jai Serong,Sydney,13,23,23.87,193,Midfielder,2022,18,2,1,0,8,1,6.294,52,12.278,4.222,0.111,6.294,52,12.278,4.222,0.111
Jake Lloyd,Sydney,44,33,33.27,182,Gen. Forward,2014,279,55,20,5,8,6,9.175,90.624,23.473,5.054,0.197,8.55,75.15,17.6,4,0.6
James Jordon,Sydney,17,26,26.03,187,Mid-Forward,2021,122,40,7,0,8,4,7.388,63.123,15.377,5.156,0.328,8.125,65.45,13.85,5.7,0.55
James Rowbottom,Sydney,8,26,26.28,186,Midfielder,2019,148,45,8,4,8,1,10.724,80.885,16.892,8.628,0.304,9.5,75.9,15.4,7.15,0.35
Jesse Dattoli,Sydney,9,20,20.4,180,Gen. Forward,2025,3,0,0,,0,,0.767,36,9,3.667,0,0.767,36,9,3.667,0
Jevan Phillipou,Sydney,18,19,19.75,184,Midfielder,,0,,,,0,,,,,,,,,,,
Joel Amartey,Sydney,36,27,27.32,195,Key Forward,2020,69,106,4,5,8,20,5.907,56.797,8.058,4.232,1.536,5.355,62.2,9.1,4.1,1.95
Joel Hamling,Sydney,29,33,33.72,194,Key Defender,2015,107,3,5,0,2,0,7.439,60.075,10.991,4,0.028,5.675,51.7,8.7,3.55,0.15
Justin McInerney,Sydney,27,26,26.36,189,Midfielder,2019,117,56,8,1,8,11,9.729,76.299,18.513,5.556,0.479,12.395,94.25,23.2,7.65,0.95
Lewis Melican,Sydney,43,30,30.15,194,Key Defender,2017,106,2,5,0,5,0,7.489,56.481,10.198,3.868,0.019,7.035,53.45,9.45,3.35,0
Liam Hetherton,Sydney,39,19,19.66,197,Key Forward,,0,,,,0,,,,,,,,,,,
Logan McDonald,Sydney,6,24,24.74,195,Key Forward,2021,78,105,6,6,8,12,6.773,57.295,9.513,3.756,1.346,5.94,59,9.75,3.25,1.4
Malcolm Rosas,Sydney,10,25,25.51,180,Gen. Forward,2021,56,59,0,,7,13,7.759,49.732,8.679,4.018,1.054,9.6,53.85,8.65,3.85,1.5
Matt Roberts,Sydney,34,23,23.41,184,Midfielder,2022,56,6,3,0,8,2,8.134,75.893,18,4.554,0.107,8.355,81.05,19.95,5.3,0.1
Max King,Sydney,31,19,19.97,192,Key Forward,,0,,,,0,,,,,,,,,,,
Ned Bowman,Sydney,23,20,20.3,187,Gen. Forward,,0,,,,0,,,,,,,,,,,
Nick Blakey,Sydney,22,26,26.84,196,Gen. Defender,2019,159,52,7,0,8,3,11.075,80.138,17.553,4.403,0.327,14.725,104.05,23.6,4.5,0.35
Noah Chamberlain,Sydney,42,19,19.78,194,Key Forward,,0,,,,0,,,,,,,,,,,
Patrick Snell,Sydney,41,21,21.45,194,Key Defender,,0,,,,0,,,,,,,,,,,
Peter Ladhams,Sydney,19,28,28.96,204,Ruck,2019,63,34,4,3,0,,8.643,71.206,13.476,7.429,0.54,7.12,57.8,12.5,6.55,0.55
Riak Andrew,Sydney,20,21,21.03,193,Key Defender,,0,,,,0,,,,,,,,,,,
Riley Bice,Sydney,26,26,26.26,186,Gen. Defender,2025,24,2,0,,8,1,7.771,67.458,16.25,3.458,0.083,6.98,62.9,15.85,3.35,0.05
Sam Wicks,Sydney,15,27,27.29,181,Gen. Defender,2020,95,45,2,0,8,1,6.203,54.274,11.6,4.189,0.474,5.535,55.45,14.7,3.5,0.05
Taylor Adams,Sydney,3,33,33.27,181,Midfielder,2012,229,86,10,6,0,,10.955,88.144,23.227,10.1,0.376,6.87,58.05,15.55,6.85,0.4
Tom Hanily,Sydney,40,21,21.58,179,Gen. Forward,2025,8,6,0,,0,,3.925,34.375,7.125,3.125,0.75,3.925,34.375,7.125,3.125,0.75
Tom McCartin,Sydney,30,27,27,194,Key Defender,2018,159,31,9,0,7,0,8.169,62.692,11.535,5.075,0.195,9.65,78.2,16.8,6.1,0.05
Tom Papley,Sydney,11,30,30.46,177,Gen. Forward,2016,204,314,15,27,8,10,10.057,74.456,14.333,6.108,1.539,8.355,69.85,15.3,5.45,1.05
William Edwards,Sydney,28,23,23.64,197,Key Defender,2026,2,0,0,,2,0,6.7,49.5,11,5.5,0,6.7,49.5,11,5.5,0
William Green,Sydney,45,21,21.31,204,Ruck,,0,,,,0,,,,,,,,,,,
Archer Reid,West Coast,22,21,21.28,203,Key Forward,2025,20,8,0,,6,3,4.805,42.75,5.75,3.8,0.4,4.805,42.75,5.75,3.8,0.4
Bailey J. Williams,West Coast,32,26,26.7,201,Ruck,2020,92,31,0,,4,1,7.863,63.152,10.413,6.978,0.337,6.345,57.35,9.7,6.5,0.6
Bo Allan,West Coast,26,20,20.87,191,Midfielder,2025,13,2,0,,7,2,4.362,42.692,10.692,3.462,0.154,4.362,42.692,10.692,3.462,0.154
Brady Hough,West Coast,19,23,23.82,191,Gen. Defender,2022,83,3,0,,8,0,5.625,60.554,14.181,3.687,0.036,6.675,65.3,14.4,3.65,0.1
Brandon Starcevich,West Coast,4,27,27.43,188,Gen. Defender,2018,132,8,18,0,0,,6.594,57.75,11.788,4.159,0.061,6.545,54.7,11.05,3.6,0.05
Clay Hall,West Coast,29,21,21.63,190,Midfielder,2024,16,2,0,,0,,6.95,60.688,14.875,6.688,0.125,6.95,60.688,14.875,6.688,0.125
Cooper Duff-Tytler,West Coast,21,19,19.35,200,Key Forward,2026,8,2,0,,8,2,6.037,46.25,9.125,5.375,0.25,6.037,46.25,9.125,5.375,0.25
Deven Robertson,West Coast,40,25,25.5,185,Midfielder,2020,51,10,7,2,4,0,5.745,52.039,10.98,5.059,0.196,4.76,46.3,9.95,4.65,0.1
Elijah Hewett,West Coast,8,22,22.59,186,Gen. Forward,2023,38,14,0,,4,0,5.85,54.684,14.605,6.421,0.368,6.635,60.55,15.75,6.45,0.4
Elliot Yeo,West Coast,6,33,33.24,191,Mid-Forward,2012,218,93,11,3,6,8,11.569,86.913,19.661,9.404,0.427,12.49,95.9,19.9,10.7,0.75
Finlay Macrae,West Coast,45,24,24.8,188,Midfielder,2021,21,5,0,,0,,5.09,38.571,10.762,3.952,0.238,5.08,38.45,10.4,3.95,0.25
Fred Rodriguez,West Coast,39,19,19.47,184,Midfielder,,0,,,,0,,,,,,,,,,,
Hamish Davis,West Coast,38,20,20.66,190,Midfielder,2025,16,2,0,,8,1,5.969,47.562,12.562,4.562,0.125,5.969,47.562,12.562,4.562,0.125
Harley Reid,West Coast,9,21,21.7,187,Midfielder,2024,47,30,0,,8,6,10.13,76.532,19.468,9.617,0.638,9.34,78,21.25,10.35,0.8
Harry Barnett,West Coast,30,22,22.93,203,Ruck,2023,2,0,0,,0,,-0.35,15,4,1.5,0,-0.35,15,4,1.5,0
Harry Edwards,West Coast,42,26,26.24,200,Key Defender,2020,56,0,0,,1,0,7.889,57.446,9.214,3.482,0,8.15,54.6,8.4,3.25,0
Harry Schoenberg,West Coast,48,25,25.85,180,Gen. Forward,2020,67,23,0,,5,1,7.437,59.881,15.209,6.269,0.343,6.195,48.8,12.05,4.5,0.3
Harvey Johnston,West Coast,24,21,21.36,185,Gen. Defender,2024,6,0,0,,0,,3.933,30.667,8.5,2.667,0,3.933,30.667,8.5,2.667,0
Jack Graham,West Coast,17,28,28.84,181,Midfielder,2017,154,55,11,4,5,2,9.245,75.695,16.825,6.377,0.357,9.26,83.8,18.75,8.5,0.2
Jack Hutchinson,West Coast,44,25,25.13,190,Midfielder,2024,23,3,0,,0,,5.048,54.348,11.957,4.478,0.13,4.995,56.5,13.1,4.75,0.15
Jack Williams,West Coast,34,23,23.08,198,Key Forward,2022,43,37,0,,1,0,5.207,47.302,7.605,3.628,0.86,6.055,54,8.6,4.25,1.1
Jacob Newton,West Coast,46,20,20.78,178,Gen. Forward,2025,5,2,0,,3,1,3.64,26.8,5.4,2.8,0.4,3.64,26.8,5.4,2.8,0.4
Jake Miles-Wrency,West Coast,49,20,20.96,199,Key Defender,,0,,,,0,,,,,,,,,,,
Jake Waterman,West Coast,2,28,28.65,192,Key Forward,2018,120,164,3,2,8,15,6.951,63.3,11.558,3.4,1.367,6.85,69.25,11.5,3.25,2.05
Jamie Cripps,West Coast,15,34,34.69,184,Gen. Forward,2011,277,339,12,13,5,4,9.011,67.975,12.935,4.722,1.224,6.42,56.75,10.9,3.9,1.05
Jobe Shanahan,West Coast,35,20,20.41,195,Key Forward,2025,17,21,0,,8,9,5.6,53.235,8.471,3.706,1.235,5.6,53.235,8.471,3.706,1.235
Josh Lindsay,West Coast,5,19,19.73,183,Gen. Defender,2026,7,1,0,,7,1,8.571,76,20,4.714,0.143,8.571,76,20,4.714,0.143
Liam Baker,West Coast,3,28,28.92,173,Gen. Forward,2018,158,64,8,1,7,5,9.867,78.652,18.715,7.272,0.405,10.785,82.75,19.9,8.65,0.5
Liam Duggan,West Coast,14,30,30.05,186,Gen. Defender,2015,208,15,6,0,8,0,7.737,73.394,18.26,4.755,0.072,7.93,80.4,20.65,3.65,0
Lucca Grego,West Coast,31,20,20.29,184,Gen. Defender,2025,1,0,0,,0,,3.6,59,14,6,0,3.6,59,14,6,0
Malakai Champion,West Coast,37,20,20.62,172,Gen. Forward,2025,5,1,0,,3,1,4,28,6.4,2.8,0.2,4,28,6.4,2.8,0.2
Matt Flynn,West Coast,25,29,29.29,202,Ruck,2021,59,18,0,,4,1,10.686,82.644,11.525,7.339,0.305,8.6,77.7,11.8,7.2,0.3
Matthew Owies,West Coast,16,29,29.78,179,Gen. Forward,2020,91,98,2,2,3,2,6.144,51.879,8.89,3.813,1.077,3.89,43.95,8.9,3.65,0.5
Milan Murdock,West Coast,47,26,26.5,180,Gen. Forward,2026,5,4,0,,5,4,8,83,18.6,7.8,0.8,8,83,18.6,7.8,0.8
Noah Long,West Coast,13,22,22.35,179,Gen. Forward,2023,36,12,0,,0,,5.072,46.528,9.889,3.972,0.333,3.735,42.35,9.25,3.2,0.25
Reuben Ginbey,West Coast,7,22,22.3,191,Key Defender,2023,71,2,0,,8,0,8.686,68.437,14,6.141,0.028,9.345,72.8,13.15,5.3,0
Rhett Bazzo,West Coast,33,23,23.2,195,Key Defender,2022,28,0,0,,0,,3.429,40.321,9.5,2.714,0,3.56,40.9,9.6,2.85,0
Ryan Maric,West Coast,23,22,22.31,196,Midfielder,2023,54,18,0,,3,1,6.8,63.704,14.87,3.833,0.333,8.025,85.15,20.6,4.35,0.1
Sam Allen,West Coast,12,19,19.96,183,Mid-Forward,,0,,,,0,,,,,,,,,,,
Sandy Brock,West Coast,41,24,24.04,198,Key Defender,2025,18,0,0,,4,0,7.956,58.5,10.5,3.778,0,7.956,58.5,10.5,3.778,0
Tim Kelly,West Coast,11,32,32.43,184,Midfielder,2018,171,85,5,7,7,1,11.846,92.509,23.392,10.684,0.497,10.375,81.15,19.55,8.75,0.3
Tom Cole,West Coast,28,29,29.59,188,Gen. Defender,2016,133,5,4,0,2,0,6.659,62.466,13.654,4.383,0.038,7.97,72.95,15.55,4.45,0.05
Tom Gross,West Coast,27,20,20.29,183,Mid-Forward,2025,8,1,0,,0,,3.475,36.25,8.75,3.75,0.125,3.475,36.25,8.75,3.75,0.125
Tom McCarthy,West Coast,18,26,26.47,187,Gen. Defender,2025,18,0,0,,8,0,9.467,91,22.5,5.278,0,9.467,91,22.5,5.278,0
Tylah Williams,West Coast,36,19,19.85,175,Gen. Forward,,0,,,,0,,,,,,,,,,,
Tylar Young,West Coast,20,28,28.32,196,Key Defender,2023,43,0,0,,8,0,7.602,55.674,10.628,3.512,0,8.025,64.25,12.55,3.4,0
Tyler Brockman,West Coast,10,24,24.1,180,Gen. Forward,2021,56,38,0,,0,,6.879,49.25,10.304,4.214,0.679,7.07,52.95,11.4,5.35,0.7
Tyrell Dewar,West Coast,43,22,22.76,185,Midfielder,2024,23,10,0,,0,,5.465,41.304,11.217,2.522,0.435,5.995,45.4,12.25,2.85,0.45
Willem Duursma,West Coast,1,19,19.52,191,Midfielder,2026,8,7,0,,8,7,10.738,87.75,18.5,6.5,0.875,10.738,87.75,18.5,6.5,0.875
Aaron Naughton,Western Bulldogs,33,27,27.08,196,Key Forward,2018,174,307,8,13,8,21,9.3,70.506,11.04,5.747,1.764,11.4,80.15,11.1,5.35,3.1
Adam Treloar,Western Bulldogs,1,33,33.81,185,Mid-Forward,2012,259,156,14,6,1,0,13.285,101.969,27.942,10.656,0.602,15.305,108.2,29.2,10.5,0.75
Arthur Jones,Western Bulldogs,32,23,23.45,180,Gen. Forward,2023,21,11,0,,3,4,4.314,34.857,7.476,3.143,0.524,4.375,35.3,7.6,3.1,0.55
Bailey Dale,Western Bulldogs,31,30,30.44,188,Gen. Defender,2015,186,87,7,0,8,0,11.213,83.586,21.392,4.978,0.468,13.21,95.95,25.3,5.15,0.1
Bailey Williams,Western Bulldogs,34,29,29.22,190,Midfielder,2016,182,48,7,1,8,5,8.584,72.055,17.423,4.676,0.264,9.19,82.25,20.3,4.75,0.35
Buku Khamis,Western Bulldogs,24,26,26.77,191,Key Defender,2021,49,20,0,,8,0,5.845,50.816,9.776,3.204,0.408,6.715,51.75,9.55,3.05,0.65
Cody Weightman,Western Bulldogs,3,25,25.95,179,Gen. Forward,2020,76,126,5,6,0,,7.962,60.158,9.816,4.711,1.658,8.035,65.95,10.55,4.9,1.5
Connor Budarick,Western Bulldogs,19,25,25.73,175,Gen. Defender,2020,60,8,2,2,5,1,5.627,56.1,13.083,3.883,0.133,4.85,53.7,13.65,3.95,0.35
Cooper Hynes,Western Bulldogs,6,20,20.83,190,Gen. Forward,2025,14,7,0,,6,3,4.107,34.214,8.357,3.571,0.5,4.107,34.214,8.357,3.571,0.5
Ed Richards,Western Bulldogs,20,27,27.49,188,Midfielder,2018,155,62,4,1,7,4,11.637,79.329,18.019,6.645,0.4,17.93,109.65,24.9,10.75,0.9
Harvey Gallagher,Western Bulldogs,12,23,23.26,181,Midfielder,2024,27,10,1,0,2,1,4.648,43.667,12.037,3.37,0.37,4.36,43.05,12.1,3.55,0.25
James Harmes,Western Bulldogs,22,31,31.23,186,Midfielder,2015,174,94,9,3,0,,9.194,75.08,18.23,7.494,0.54,9.11,70.05,16.85,6.15,0.8
James O'Donnell,Western Bulldogs,18,24,24.33,197,Key Defender,2023,54,7,1,0,6,0,6.144,51.407,9.963,3.5,0.13,6.985,56.9,10.1,3.7,0.05
Jedd Busslinger,Western Bulldogs,5,22,22.8,198,Key Defender,2025,9,0,0,,2,0,6.778,56,11.111,2.889,0,6.778,56,11.111,2.889,0
Joel Freijah,Western Bulldogs,27,21,21.12,191,Mid-Forward,2024,44,23,1,0,8,4,10.991,75.977,18.182,6.477,0.523,11.46,77.55,18.25,6.35,0.75
Jordan Croft,Western Bulldogs,16,21,21.63,201,Key Forward,2025,7,8,0,,5,4,4.671,46.143,8.286,4.714,1.143,4.671,46.143,8.286,4.714,1.143
Josh Dolan,Western Bulldogs,26,20,20.13,177,Gen. Forward,2025,15,4,0,,4,3,4.127,32.2,8.8,2.733,0.267,4.127,32.2,8.8,2.733,0.267
Lachie Jaques,Western Bulldogs,11,20,20.58,185,Gen. Defender,2026,6,0,0,,6,0,6.617,67.333,17.5,3.833,0,6.617,67.333,17.5,3.833,0
Lachlan Bramble,Western Bulldogs,29,28,28.7,182,Gen. Defender,2021,85,13,1,0,8,4,7.869,66.624,17.282,3.612,0.153,8.825,69.8,17.45,3.2,0.4
Lachlan Carmichael,Western Bulldogs,2,19,19.34,185,Gen. Defender,,0,,,,0,,,,,,,,,,,
Lachlan McNeil,Western Bulldogs,30,25,25.32,184,Gen. Forward,2021,77,44,1,0,2,2,5.474,43.156,8.844,4.026,0.571,6.045,44.95,9.25,4.45,0.75
Lachlan Smith,Western Bulldogs,40,21,21.23,203,Ruck,2026,1,0,0,,1,0,6.9,61,10,10,0,6.9,61,10,10,0
Laitham Vandermeer,Western Bulldogs,23,27,27.9,182,Gen. Forward,2020,88,45,6,3,1,1,5.384,48.523,10.432,3.42,0.511,6.105,46.75,10.45,3.7,0.7
Louis Emmett,Western Bulldogs,25,19,19.77,199,Ruck,2026,4,0,0,,4,0,1.875,34.5,7.75,4.25,0,1.875,34.5,7.75,4.25,0
Luke Cleary,Western Bulldogs,36,24,24.82,191,Gen. Defender,2022,23,2,0,,0,,6.174,52.13,11.739,3.435,0.087,6.54,53.15,12.05,3.5,0.1
Luke Kennedy,Western Bulldogs,35,20,20.22,180,Midfielder,,0,,,,0,,,,,,,,,,,
Marcus Bontempelli,Western Bulldogs,4,31,31.1,194,Midfielder,2014,266,265,13,12,8,12,16.739,113.335,24.233,11.402,0.996,20.005,127.35,27.8,11.45,1.25
Matthew Kennedy,Western Bulldogs,8,29,29.73,188,Midfielder,2016,149,80,3,1,8,2,9.503,77.604,19.107,8.034,0.537,11.02,92.05,23.95,9.35,0.45
Michael Sellwood,Western Bulldogs,37,23,23.24,186,Gen. Defender,2026,8,0,0,,8,0,5.213,58.875,12.5,5.875,0,5.213,58.875,12.5,5.875,0
Nick Coffield,Western Bulldogs,17,27,27.18,191,Gen. Defender,2018,65,2,2,0,1,0,5.8,61.569,14.062,3.615,0.031,4.385,50.8,11.7,2.8,0
Oskar Baker,Western Bulldogs,13,28,28.6,184,Gen. Forward,2019,55,22,0,,7,8,6.062,53.127,13.727,3.2,0.4,6.305,54.9,13.65,3.4,0.45
Rhylee West,Western Bulldogs,14,26,26.47,183,Gen. Forward,2019,89,88,1,0,8,3,8.51,61.551,12.124,5.393,0.989,10.575,67.05,13.75,6.05,1.15
Riley Garcia,Western Bulldogs,38,25,25.91,178,Mid-Forward,2021,39,15,0,,0,,7.403,52.128,13.077,5.795,0.385,8.005,62.25,15,6.55,0.35
Rory Lobb,Western Bulldogs,7,33,33.89,207,Key Defender,2014,205,175,10,6,6,0,9.684,73.854,11.322,5.946,0.854,9.465,65.5,11.8,4.25,0.05
Ryan Gardner,Western Bulldogs,43,29,29.58,197,Key Defender,2019,55,3,5,0,1,0,6.778,51.745,8.8,3.109,0.055,8.575,57.15,9.5,3.35,0.05
Ryley Sanders,Western Bulldogs,9,21,21.94,186,Midfielder,2024,42,14,0,,7,1,8.512,71.262,19,6.095,0.333,9.59,75.45,20.05,6.9,0.3
Sam Darcy,Western Bulldogs,10,23,23.45,208,Key Forward,2022,51,101,2,2,6,12,10.225,78.255,12.353,7.471,1.98,12.435,87.4,13.35,7.9,2.65
Sam Davidson,Western Bulldogs,42,25,25.04,191,Midfielder,2025,27,16,0,,8,3,8.848,61.037,14.185,4.185,0.593,8.815,58,12.95,3.85,0.65
Tim English,Western Bulldogs,44,29,29.39,208,Ruck,2017,159,92,8,2,5,2,11.914,101.189,15.692,7.201,0.579,12.69,112.55,17.05,7.5,0.55
Tom Liberatore,Western Bulldogs,21,34,34.62,184,Midfielder,2011,261,92,10,4,4,1,14.261,98.628,22.897,12.238,0.352,13.395,104.85,25.2,11.35,0.2
Will Darcy,Western Bulldogs,15,19,19.8,198,Key Defender,,0,,,,0,,,,,,,,,,,
Will Lewis,Western Bulldogs,28,27,27.65,195,Key Forward,2026,4,4,0,,4,4,4.6,38,8.75,3.5,1,4.6,38,8.75,3.5,1
Zac Walker,Western Bulldogs,41,20,20.83,191,Key Defender,,0,,,,0,,,,,,,,,,,
